Region32,Estimate,SCENARIO,year,urban_pop,GDPC,ULC,urban_land
AUNZ,0,SSP1,2040,36.21517235,55922.55252,686.069048,994
AUNZ,0,SSP1,2080,47.78091361,92276.09544,822.4529996,1572
AUNZ,0,SSP1,2050,40.12075054,64280.53056,717.4248384,1151
AUNZ,0,SSP1,2060,43.65421967,72459.91035,748.1105997,1306
AUNZ,0,SSP1,2070,46.29770268,82102.07529,784.2841456,1452
AUNZ,0,SSP1,2090,47.77825205,103521.6359,864.6417693,1652
AUNZ,0,SSP1,2100,46.61475064,116424.7496,913.0490907,1702
AUNZ,0,SSP1,2020,27.92812198,40607.48634,628.6130457,702
AUNZ,0,SSP1,2030,32.16970562,47609.54063,654.8819526,843
BRA,-345.58,SSP1,2070,181.7074544,51315.66674,323.2058554,2349
BRA,-345.58,SSP1,2050,198.0379157,33570.6049,256.6334813,2033
BRA,-345.58,SSP1,2060,191.9365457,42324.90291,289.4761058,2222
BRA,-345.58,SSP1,2080,168.3886514,60878.90424,359.0832971,2419
BRA,-345.58,SSP1,2090,152.2813307,71237.00434,397.9427455,2424
BRA,-345.58,SSP1,2100,133.5258254,82992.17999,442.0434624,2361
BRA,-345.58,SSP1,2020,184.7448245,13428.55289,181.068559,1338
BRA,-345.58,SSP1,2030,194.7270717,18514.3765,200.1485349,1559
BRA,-345.58,SSP1,2040,199.0537437,25526.44169,226.4549987,1803
CAN,-182.6,SSP1,2020,31.77860773,40573.8923,445.8870144,567
CAN,-182.6,SSP1,2030,36.21186279,44125.98188,459.2130336,665
CAN,-182.6,SSP1,2040,40.38328956,49244.71493,478.4164725,773
CAN,-182.6,SSP1,2100,52.4846174,97637.22676,659.9658199,1386
CAN,-182.6,SSP1,2050,44.44333459,54719.51357,498.9557271,887
CAN,-182.6,SSP1,2060,48.23250499,60424.80075,520.3596825,1004
CAN,-182.6,SSP1,2070,51.28007535,67973.65927,548.6799801,1125
CAN,-182.6,SSP1,2080,53.20280546,76564.31139,580.9086706,1236
CAN,-182.6,SSP1,2090,53.54275093,86277.73244,617.349541,1322
CAS,-242.64,SSP1,2070,64.19335054,39941.41837,383.4742251,985
CAS,-242.64,SSP1,2080,62.03023336,46044.71856,406.3713662,1008
CAS,-242.64,SSP1,2050,63.10746691,27624.16155,337.2648045,851
CAS,-242.64,SSP1,2060,64.61355932,33402.67868,358.9434894,928
CAS,-242.64,SSP1,2090,58.52857486,52516.57263,430.6511739,1008
CAS,-242.64,SSP1,2100,54.40886029,59420.15473,456.5506525,994
CAS,-242.64,SSP1,2020,44.20272401,9034.142015,267.5224872,473
CAS,-242.64,SSP1,2030,52.47479491,14660.50434,288.6303481,606
CAS,-242.64,SSP1,2040,59.00800159,21418.88376,313.9850843,741
CHN,-304.13,SSP1,2060,958.1660932,65648.37257,418.4264345,16037
CHN,-304.13,SSP1,2070,889.1963507,73576.23875,448.1686173,15940
CHN,-304.13,SSP1,2080,805.3310053,80132.46471,472.7649546,15229
CHN,-304.13,SSP1,2090,711.4561106,86760.53638,497.6308283,14162
CHN,-304.13,SSP1,2100,611.0930367,94361.54997,526.1467909,12861
CHN,-304.13,SSP1,2020,811.6383676,15230.70858,229.2795263,7444
CHN,-304.13,SSP1,2030,933.5168215,28413.32775,278.7354404,10408
CHN,-304.13,SSP1,2040,994.5169353,43208.82917,334.2422435,13296
CHN,-304.13,SSP1,2050,998.3975136,56095.3092,382.587162,15279
EEU,-218.6,SSP1,2020,15.01239556,11366.13452,300.3111903,180
EEU,-218.6,SSP1,2030,16.55095154,15524.43141,315.9114569,209
EEU,-218.6,SSP1,2090,15.41948046,45732.06178,429.238403,265
EEU,-218.6,SSP1,2100,13.4845727,51775.00435,451.9091063,244
EEU,-218.6,SSP1,2040,17.71016149,20826.30684,335.8019727,238
EEU,-218.6,SSP1,2050,18.37311768,25940.36621,354.9878779,261
EEU,-218.6,SSP1,2060,18.50487871,30928.71945,373.7021839,277
EEU,-218.6,SSP1,2070,18.02843595,35858.33492,392.1961293,283
EEU,-218.6,SSP1,2080,16.97889326,40582.16036,409.9180328,278
EEU-FSU,-133.56,SSP1,2070,37.93521367,54723.85662,548.0120205,832
EEU-FSU,-133.56,SSP1,2040,41.69321211,26288.2232,441.3328981,736
EEU-FSU,-133.56,SSP1,2050,41.0594075,35338.80126,475.2870468,781
EEU-FSU,-133.56,SSP1,2060,39.81806676,44672.86441,510.3047181,813
EEU-FSU,-133.56,SSP1,2080,35.38189612,63832.38099,582.1835605,824
EEU-FSU,-133.56,SSP1,2090,32.41007697,73245.30142,617.4970728,801
EEU-FSU,-133.56,SSP1,2100,29.23142409,83230.9892,654.9593791,766
EEU-FSU,-133.56,SSP1,2020,41.36346885,10670.00768,382.7396008,633
EEU-FSU,-133.56,SSP1,2030,41.73526969,17172.43796,407.1341182,680
EFTA,-207.35,SSP1,2060,16.9941822,75383.00937,551.7268979,375
EFTA,-207.35,SSP1,2020,11.57968393,47563.49976,447.3592257,207
EFTA,-207.35,SSP1,2030,13.1804684,53585.78191,469.9524194,248
EFTA,-207.35,SSP1,2040,14.61246389,60644.52587,496.4340033,290
EFTA,-207.35,SSP1,2050,15.89103237,67768.63997,523.1608297,333
EFTA,-207.35,SSP1,2100,17.57214201,118583.5842,713.7981745,502
EFTA,-207.35,SSP1,2070,17.73346012,84467.19954,585.8071458,416
EFTA,-207.35,SSP1,2080,18.07355596,94623.26843,623.9086539,451
EFTA,-207.35,SSP1,2090,17.99282807,105910.135,666.2524624,480
EU12-H,-183.71,SSP1,2020,49.46406717,24511.73304,384.5182177,761
EU12-H,-183.71,SSP1,2080,58.69287503,70702.75045,557.8084386,1310
EU12-H,-183.71,SSP1,2090,56.16686159,79873.71164,592.2142166,1331
EU12-H,-183.71,SSP1,2100,53.15670568,90387.51193,631.6577897,1343
EU12-H,-183.71,SSP1,2030,53.79851817,32198.85278,413.3572161,890
EU12-H,-183.71,SSP1,2040,56.78219011,40740.46519,445.4019292,1012
EU12-H,-183.71,SSP1,2050,58.95973246,47605.31663,471.1561059,1111
EU12-H,-183.71,SSP1,2060,60.15795368,54172.62812,495.7940316,1193
EU12-H,-183.71,SSP1,2070,60.04517927,62289.98881,526.247122,1264
EU12-M,-169.08,SSP1,2070,20.96171282,61164.14399,536.6534026,450
EU12-M,-169.08,SSP1,2050,23.56380157,42337.81602,466.0245506,439
EU12-M,-169.08,SSP1,2060,22.53241661,51325.15314,499.7414445,450
EU12-M,-169.08,SSP1,2080,19.06103645,70417.02908,571.3665263,436
EU12-M,-169.08,SSP1,2090,16.98411932,80125.28995,607.7880378,413
EU12-M,-169.08,SSP1,2100,14.82175666,90784.39666,647.7767425,384
EU12-M,-169.08,SSP1,2020,22.92996119,16129.73562,367.7023162,337
EU12-M,-169.08,SSP1,2030,23.70978377,23804.44812,396.4947676,376
EU12-M,-169.08,SSP1,2040,23.94455084,33301.40498,432.1235509,414
EU15,-229.9,SSP1,2020,340.0972889,34445.98168,375.5975449,5110
EU15,-229.9,SSP1,2030,369.2537636,39643.02041,395.0947554,5836
EU15,-229.9,SSP1,2040,394.3699425,46432.42057,420.565869,6634
EU15,-229.9,SSP1,2060,430.4742954,60884.00337,474.782427,8175
EU15,-229.9,SSP1,2070,438.2548045,69474.11516,507.0090904,8888
EU15,-229.9,SSP1,2080,438.4418627,78629.92264,541.3580178,9494
EU15,-229.9,SSP1,2050,415.2491574,53461.96273,446.9378994,7424
EU15,-229.9,SSP1,2090,430.3152972,88906.65271,579.9121983,9982
EU15,-229.9,SSP1,2100,415.892772,100596.6056,623.7682256,10377
IDN,-251.72,SSP1,2020,140.0503438,6759.164905,249.9076831,1400
IDN,-251.72,SSP1,2030,168.7356574,12635.65343,271.9539174,1836
IDN,-251.72,SSP1,2090,180.3188358,87043.74366,551.1033087,3975
IDN,-251.72,SSP1,2100,164.8785957,101005.1811,603.4810375,3980
IDN,-251.72,SSP1,2040,190.1554049,22045.38965,307.2554838,2337
IDN,-251.72,SSP1,2050,202.7582109,33521.44235,350.3090431,2841
IDN,-251.72,SSP1,2060,206.4770658,46419.64714,398.6979482,3293
IDN,-251.72,SSP1,2070,202.7362412,59928.19886,449.3766308,3644
IDN,-251.72,SSP1,2080,193.4222632,73371.56144,499.8107499,3867
IND,-408.86,SSP1,2070,1179.909765,43300.28613,229.8553534,10848
IND,-408.86,SSP1,2060,1135.831239,33173.02505,191.8619208,8717
IND,-408.86,SSP1,2080,1171.091839,53744.275,269.0370221,12603
IND,-408.86,SSP1,2090,1117.063503,64866.3799,310.7627108,13886
IND,-408.86,SSP1,2100,1031.278143,76505.40182,354.4276655,14621
IND,-408.86,SSP1,2020,537.9656675,5078.9912,86.46434339,1861
IND,-408.86,SSP1,2030,719.7856907,9107.747069,101.5786239,2925
IND,-408.86,SSP1,2040,893.7955052,15580.62134,125.862259,4500
IND,-408.86,SSP1,2050,1037.841308,23798.24874,156.69151,6505
JPN,-270.42,SSP1,2020,92.2161472,34681.6828,335.9618012,1239
JPN,-270.42,SSP1,2030,96.11350594,41045.49909,359.8362944,1383
JPN,-270.42,SSP1,2050,97.12297914,56606.72609,418.2157936,1625
JPN,-270.42,SSP1,2060,95.28877937,65268.78947,450.7123906,1718
JPN,-270.42,SSP1,2070,91.10036157,75037.30616,487.3599578,1776
JPN,-270.42,SSP1,2040,97.48432475,48641.91814,388.3350201,1514
JPN,-270.42,SSP1,2080,85.40899693,85364.71216,526.1042541,1797
JPN,-270.42,SSP1,2090,78.73383584,96830.44253,569.1190882,1792
JPN,-270.42,SSP1,2100,71.93686081,109313.2004,615.9494027,1772
KOR,-421.01,SSP1,2020,42.45790682,38960.38618,201.4237848,342
KOR,-421.01,SSP1,2080,37.67015538,109173.336,464.8346873,700
KOR,-421.01,SSP1,2090,34.48519653,121389.0946,510.6633273,704
KOR,-421.01,SSP1,2100,31.10365608,134299.3094,559.0972891,696
KOR,-421.01,SSP1,2030,44.25403509,52528.85454,252.3272507,447
KOR,-421.01,SSP1,2040,44.97300878,65214.42022,299.9184189,540
KOR,-421.01,SSP1,2050,44.45291866,76440.39832,342.0337983,608
KOR,-421.01,SSP1,2060,42.9241677,86923.62438,381.3626692,655
KOR,-421.01,SSP1,2070,40.67319173,97450.50117,420.8553002,685
LAM-L,-322.07,SSP1,2060,41.17659033,26778.35257,254.6616675,419
LAM-L,-322.07,SSP1,2070,41.68175953,37742.37097,295.7942789,493
LAM-L,-322.07,SSP1,2080,41.21337023,50085.53555,342.1008952,564
LAM-L,-322.07,SSP1,2090,39.8267614,64056.30432,394.5136313,628
LAM-L,-322.07,SSP1,2100,37.58619409,79514.48567,452.5065444,680
LAM-L,-322.07,SSP1,2020,26.58999834,3755.961849,168.2908665,179
LAM-L,-322.07,SSP1,2030,32.30573578,6108.857642,177.1179903,229
LAM-L,-322.07,SSP1,2040,36.70809442,10646.9778,194.1432019,285
LAM-L,-322.07,SSP1,2050,39.63073135,17569.215,220.112667,349
LAM-M,-348.7,SSP1,2020,217.1857639,13648.63147,178.7742058,1553
LAM-M,-348.7,SSP1,2040,249.4856045,26683.11685,227.6743812,2272
LAM-M,-348.7,SSP1,2050,253.7721606,35350.38343,260.1904985,2641
LAM-M,-348.7,SSP1,2060,251.3150772,44714.79938,295.3220414,2969
LAM-M,-348.7,SSP1,2030,237.2851857,19130.52237,199.3400677,1892
LAM-M,-348.7,SSP1,2070,243.846328,54536.52817,332.1692391,3240
LAM-M,-348.7,SSP1,2080,232.1019235,64533.32363,369.6732169,3432
LAM-M,-348.7,SSP1,2090,215.8186702,75335.2955,410.1978946,3541
LAM-M,-348.7,SSP1,2100,195.1581877,87222.03515,454.7921871,3550
MEA-H,-345.62,SSP1,2020,57.37374364,35467.27963,263.7090463,605
MEA-H,-345.62,SSP1,2030,69.37657238,43839.26773,295.1173968,819
MEA-H,-345.62,SSP1,2040,80.34727596,52217.82959,326.5504095,1049
MEA-H,-345.62,SSP1,2050,89.03062232,58808.739,351.2768652,1251
MEA-H,-345.62,SSP1,2060,94.82512773,65377.28578,375.9194253,1426
MEA-H,-345.62,SSP1,2070,97.64240638,72719.97716,403.4662663,1576
MEA-H,-345.62,SSP1,2080,97.52573031,80306.85829,431.9292096,1685
MEA-H,-345.62,SSP1,2090,95.23526789,89021.60214,464.6234426,1770
MEA-H,-345.62,SSP1,2100,90.7793931,99157.04149,502.6475569,1825
MEA-M,-367.21,SSP1,2020,136.240042,8327.621221,140.3019038,765
MEA-M,-367.21,SSP1,2030,163.8742204,11269.22733,151.3376332,992
MEA-M,-367.21,SSP1,2040,187.4855728,15697.35711,167.9502049,1260
MEA-M,-367.21,SSP1,2050,205.2218555,20774.97742,186.9994053,1535
MEA-M,-367.21,SSP1,2060,216.0622859,26582.80951,208.7880682,1804
MEA-M,-367.21,SSP1,2070,220.6762039,33407.95144,234.3932706,2069
MEA-M,-367.21,SSP1,2080,219.083878,40833.69545,262.2516919,2298
MEA-M,-367.21,SSP1,2090,211.1958791,49380.25757,294.3149743,2486
MEA-M,-367.21,SSP1,2100,197.9996156,59103.2732,330.7918398,2620
MEX,-358.88,SSP1,2020,105.2501313,15668.26211,176.1710521,742
MEX,-358.88,SSP1,2030,117.0196529,20775.88103,195.3327953,914
MEX,-358.88,SSP1,2040,123.9982265,28281.13192,223.4894945,1108
MEX,-358.88,SSP1,2050,126.3213047,37398.80017,257.6953387,1302
MEX,-358.88,SSP1,2060,124.8443336,47775.48654,296.6245153,1481
MEX,-358.88,SSP1,2070,121.1074566,58848.23967,338.165056,1638
MEX,-358.88,SSP1,2080,115.8520077,70238.62446,380.8972235,1765
MEX,-358.88,SSP1,2090,108.4201046,82670.41964,427.5363463,1854
MEX,-358.88,SSP1,2100,98.66395649,96563.25544,479.6567091,1893
NAF,-321.86,SSP1,2020,115.6977748,8610.435828,186.7129111,864
NAF,-321.86,SSP1,2030,138.4513038,13534.28449,205.1852217,1136
NAF,-321.86,SSP1,2040,157.0062966,20716.20988,232.128933,1458
NAF,-321.86,SSP1,2050,170.1825074,29111.52399,263.6247934,1795
NAF,-321.86,SSP1,2060,177.0856797,38488.27427,298.8026098,2117
NAF,-321.86,SSP1,2070,178.5378738,48653.65891,336.9390668,2406
NAF,-321.86,SSP1,2080,175.0909899,58749.36868,374.8141315,2625
NAF,-321.86,SSP1,2090,167.7459067,69260.63193,414.2481868,2780
NAF,-321.86,SSP1,2100,157.464009,80449.60758,456.2247478,2874
OAS-CPA,-342.72,SSP1,2020,48.10882331,4824.003707,151.6477323,292
OAS-CPA,-342.72,SSP1,2030,62.76834326,8603.529716,165.8270021,416
OAS-CPA,-342.72,SSP1,2040,75.48390815,14348.76637,187.3808319,566
OAS-CPA,-342.72,SSP1,2050,84.57450605,21576.24662,214.4954468,726
OAS-CPA,-342.72,SSP1,2060,89.18954705,29676.04674,244.8826569,874
OAS-CPA,-342.72,SSP1,2070,89.90849639,38848.51166,279.2940763,1004
OAS-CPA,-342.72,SSP1,2080,87.23266322,48214.54875,314.4317011,1097
OAS-CPA,-342.72,SSP1,2090,81.44510136,58401.84406,352.6503582,1149
OAS-CPA,-342.72,SSP1,2100,73.36133316,70078.76575,396.4574976,1163
OAS-L,-405.44,SSP1,2020,158.2256489,3157.070504,82.6740657,523
OAS-L,-405.44,SSP1,2030,207.204081,5319.607751,90.78704044,752
OAS-L,-405.44,SSP1,2040,251.2208266,9160.379358,105.1960792,1057
OAS-L,-405.44,SSP1,2050,285.0169876,14774.25169,126.2570826,1439
OAS-L,-405.44,SSP1,2060,306.5437187,22012.36135,153.4115748,1881
OAS-L,-405.44,SSP1,2070,316.3012805,30486.21883,185.2020986,2343
OAS-L,-405.44,SSP1,2080,315.0377044,39965.50753,220.764598,2782
OAS-L,-405.44,SSP1,2090,304.2813765,50356.66254,259.7480552,3161
OAS-L,-405.44,SSP1,2100,286.5410088,61616.14017,301.9891114,3461
OAS-M,-233.56,SSP1,2020,69.05110694,15137.85916,299.5011924,827
OAS-M,-233.56,SSP1,2030,83.23883396,22840.76362,328.3994088,1093
OAS-M,-233.56,SSP1,2040,94.78655729,32913.7929,366.1893855,1388
OAS-M,-233.56,SSP1,2050,102.4373821,43695.05798,406.6363795,1666
OAS-M,-233.56,SSP1,2060,106.2103118,54979.62386,448.9715569,1907
OAS-M,-233.56,SSP1,2070,106.4446699,66175.77339,490.9750314,2090
OAS-M,-233.56,SSP1,2080,103.3923761,77041.19394,531.7377432,2199
OAS-M,-233.56,SSP1,2090,97.50282642,88190.01434,573.5636578,2237
OAS-M,-233.56,SSP1,2100,89.15262262,100006.0363,617.8926459,2203
PAK,-399.52,SSP1,2020,104.1969001,2698.931923,86.875313,362
PAK,-399.52,SSP1,2030,142.362647,4129.210523,92.2411462,525
PAK,-399.52,SSP1,2040,179.6844557,6997.84395,103.0031114,740
PAK,-399.52,SSP1,2050,211.9498795,11476.77407,119.8062656,1016
PAK,-399.52,SSP1,2060,236.1227031,17594.9767,142.7593146,1348
PAK,-399.52,SSP1,2070,251.7607109,25324.56074,171.7576221,1730
PAK,-399.52,SSP1,2080,258.5891036,34358.74752,205.6502772,2127
PAK,-399.52,SSP1,2090,257.3176208,44566.85199,243.9470019,2511
PAK,-399.52,SSP1,2100,249.7972218,55912.66918,286.5119697,2863
RUS,-292.05,SSP1,2020,113.450357,20830.66298,262.3683152,1191
RUS,-292.05,SSP1,2030,116.5856558,30950.39608,300.3335059,1401
RUS,-292.05,SSP1,2040,117.6504889,42553.68952,343.8644216,1618
RUS,-292.05,SSP1,2050,116.8314871,50517.44556,373.7412487,1747
RUS,-292.05,SSP1,2060,114.1036798,57325.75342,399.2832965,1822
RUS,-292.05,SSP1,2070,109.6331541,64716.08336,427.0088583,1873
RUS,-292.05,SSP1,2080,103.1720344,70509.08445,448.7418812,1852
RUS,-292.05,SSP1,2090,95.3831275,76983.30256,473.0305579,1805
RUS,-292.05,SSP1,2100,86.91762232,84357.4507,500.6954121,1741
SAF,-81.077,SSP1,2020,37.65550638,12991.74854,443.9328438,669
SAF,-81.077,SSP1,2030,43.94620557,18588.93229,464.9312384,817
SAF,-81.077,SSP1,2040,49.17710476,25763.09453,491.8458254,968
SAF,-81.077,SSP1,2050,53.01601563,33277.39272,520.0364665,1103
SAF,-81.077,SSP1,2060,55.13593571,40826.90507,548.3592171,1209
SAF,-81.077,SSP1,2070,55.39091313,48175.18898,575.927039,1276
SAF,-81.077,SSP1,2080,53.85762871,55209.65828,602.317554,1298
SAF,-81.077,SSP1,2090,50.98292596,62176.63599,628.4548676,1282
SAF,-81.077,SSP1,2100,47.21654933,69243.02017,654.9651145,1237
SSA-L,-282.8,SSP1,2020,421.4811073,1957.343342,200.8131693,3386
SSA-L,-282.8,SSP1,2030,600.6171101,3463.392586,206.4632636,4960
SSA-L,-282.8,SSP1,2040,795.6419154,6481.276834,217.7851582,6931
SSA-L,-282.8,SSP1,2050,983.848862,11584.97546,236.9321939,9324
SSA-L,-282.8,SSP1,2060,1148.663353,19269.66446,265.7620732,12211
SSA-L,-282.8,SSP1,2070,1281.896311,29577.46392,304.4328136,15610
SSA-L,-282.8,SSP1,2080,1375.700915,42138.84524,351.5580918,19346
SSA-L,-282.8,SSP1,2090,1428.210512,56630.38739,405.9245613,23190
SSA-L,-282.8,SSP1,2100,1441.405246,72534.72382,465.5912699,26844
SSA-M,-222.28,SSP1,2020,21.7720779,9282.91478,288.8157831,252
SSA-M,-222.28,SSP1,2030,28.5972181,11136.39968,295.769317,338
SSA-M,-222.28,SSP1,2040,35.19971482,13459.16675,304.48341,429
SSA-M,-222.28,SSP1,2050,40.95050809,17698.9407,320.3893459,525
SSA-M,-222.28,SSP1,2060,45.46129713,24180.51888,344.7056346,627
SSA-M,-222.28,SSP1,2070,48.53414186,32803.92098,377.05719,732
SSA-M,-222.28,SSP1,2080,50.04564455,43163.46014,415.9220371,833
SSA-M,-222.28,SSP1,2090,50.05277079,54911.4449,459.9957767,921
SSA-M,-222.28,SSP1,2100,48.72631014,67758.24233,508.1918219,990
TUR,-348.59,SSP1,2020,60.25623231,17543.19169,193.495038,466
TUR,-348.59,SSP1,2030,67.54227956,24134.26098,218.2220935,590
TUR,-348.59,SSP1,2040,72.77215687,32236.60828,248.6188596,724
TUR,-348.59,SSP1,2050,75.55148004,40734.91816,280.501119,848
TUR,-348.59,SSP1,2060,75.97955223,49377.60335,312.9250167,951
TUR,-348.59,SSP1,2070,74.55427429,58116.54494,345.71003,1031
TUR,-348.59,SSP1,2080,71.49793499,66710.04767,377.9494148,1081
TUR,-348.59,SSP1,2090,67.22158866,75902.15657,412.4345306,1109
TUR,-348.59,SSP1,2100,61.92467708,85896.8,449.9304349,1114
USA,-32.744,SSP1,2020,290.030452,50642.19059,633.5152422,7350
USA,-32.744,SSP1,2030,321.5442409,60135.8075,669.1314954,8606
USA,-32.744,SSP1,2040,351.3375865,68601.89373,700.8928645,9850
USA,-32.744,SSP1,2050,378.257999,75202.13618,725.6543341,10979
USA,-32.744,SSP1,2060,403.5043555,80916.46678,747.0922168,12058
USA,-32.744,SSP1,2070,426.5219939,86954.93088,769.7461187,13133
USA,-32.744,SSP1,2080,444.5568977,93191.99066,793.1450722,14104
USA,-32.744,SSP1,2090,453.4666474,100599.8934,820.9365599,14891
USA,-32.744,SSP1,2100,452.6298971,109434.653,854.081044,15463
AUNZ,0,SSP2,2030,31.99639481,46080.52489,649.1456972,831
AUNZ,0,SSP2,2020,27.87074289,40536.04055,628.3450097,700
AUNZ,0,SSP2,2070,45.46180556,70856.53483,742.0953761,1349
AUNZ,0,SSP2,2080,47.23709362,79420.65384,774.224525,1463
AUNZ,0,SSP2,2090,48.0473246,88836.77006,809.5500265,1556
AUNZ,0,SSP2,2100,47.7678212,100085.678,851.7514294,1627
AUNZ,0,SSP2,2040,35.820108,51314.84035,668.782755,958
AUNZ,0,SSP2,2050,39.49654618,56963.53872,689.9744119,1090
AUNZ,0,SSP2,2060,42.84995641,63054.67009,712.8259003,1222
BRA,-345.58,SSP2,2020,186.9471105,13356.22404,180.7972101,1352
BRA,-345.58,SSP2,2030,201.0237864,16947.25538,194.2693233,1562
BRA,-345.58,SSP2,2040,209.890937,20396.44924,207.209319,1740
BRA,-345.58,SSP2,2050,213.6820852,24208.15254,221.5093051,1893
BRA,-345.58,SSP2,2060,212.2272344,28687.36215,238.3135079,2023
BRA,-345.58,SSP2,2070,206.8155152,33797.11231,257.4832465,2130
BRA,-345.58,SSP2,2080,198.3927382,39872.50423,280.2756869,2224
BRA,-345.58,SSP2,2090,188.3612299,46781.57875,306.1957708,2307
BRA,-345.58,SSP2,2100,177.908342,54731.35234,336.0201415,2391
CAN,-182.6,SSP2,2020,31.66642044,40560.05374,445.8350976,565
CAN,-182.6,SSP2,2030,35.83284233,44983.21564,462.4290318,663
CAN,-182.6,SSP2,2040,39.58047737,50415.27943,482.8079623,764
CAN,-182.6,SSP2,2050,43.1868049,55634.98744,502.3902189,868
CAN,-182.6,SSP2,2060,46.59388706,60788.54206,521.7242944,972
CAN,-182.6,SSP2,2070,49.40255998,67765.91713,547.9006147,1083
CAN,-182.6,SSP2,2080,51.45110097,75909.62687,578.4525562,1190
CAN,-182.6,SSP2,2090,52.53463834,85082.53948,612.8656551,1288
CAN,-182.6,SSP2,2100,52.440966,96208.58305,654.6061202,1373
CAS,-242.64,SSP2,2020,42.52916089,8957.38887,267.2345401,455
CAS,-242.64,SSP2,2030,49.28950295,13575.99002,284.5616842,561
CAS,-242.64,SSP2,2090,61.80634756,42522.4048,393.1570538,972
CAS,-242.64,SSP2,2100,60.95300115,49340.36063,418.735297,1021
CAS,-242.64,SSP2,2040,54.77602745,18045.612,301.329918,660
CAS,-242.64,SSP2,2050,58.80554081,21976.71469,316.0778428,743
CAS,-242.64,SSP2,2060,61.13358978,25949.79984,330.9832691,809
CAS,-242.64,SSP2,2070,62.29314656,30997.74276,349.9211317,872
CAS,-242.64,SSP2,2080,62.3924461,36411.22364,370.2303466,924
CHN,-304.13,SSP2,2030,850.0963007,24586.84624,264.3800123,8990
CHN,-304.13,SSP2,2040,892.351969,32848.86556,295.375804,10543
CHN,-304.13,SSP2,2050,892.3232011,40666.78314,324.7055036,11590
CHN,-304.13,SSP2,2060,859.9616432,47718.62892,351.1612082,12079
CHN,-304.13,SSP2,2070,809.0987611,54994.90451,378.4588837,12248
CHN,-304.13,SSP2,2080,749.1632652,62341.52149,406.020452,12167
CHN,-304.13,SSP2,2090,686.162397,69911.08602,434.4184303,11923
CHN,-304.13,SSP2,2100,629.0580323,77561.89079,463.1211895,11653
CHN,-304.13,SSP2,2020,762.2627342,15018.61322,228.4838294,6967
EEU,-218.6,SSP2,2020,14.6122615,11314.60191,300.1178605,175
EEU,-218.6,SSP2,2030,15.73138393,14614.15687,312.4964709,197
EEU,-218.6,SSP2,2040,16.49483135,18152.8679,325.7722992,215
EEU,-218.6,SSP2,2050,16.92715519,21730.06328,339.1925054,230
EEU,-218.6,SSP2,2060,17.09995591,25639.57436,353.8594272,242
EEU,-218.6,SSP2,2070,16.87502728,30056.85871,370.4313111,250
EEU,-218.6,SSP2,2080,16.27859737,34854.09737,388.4286317,253
EEU,-218.6,SSP2,2090,15.48058678,39948.33721,407.5401819,252
EEU,-218.6,SSP2,2100,14.58339941,45468.06449,428.2479907,250
EEU-FSU,-133.56,SSP2,2020,40.01480347,10572.36471,382.3732834,612
EEU-FSU,-133.56,SSP2,2070,39.37294844,41650.86708,498.9673929,786
EEU-FSU,-133.56,SSP2,2080,38.52071663,50055.0442,530.4965038,817
EEU-FSU,-133.56,SSP2,2090,37.39347898,59110.90608,564.4704753,844
EEU-FSU,-133.56,SSP2,2100,36.06726903,68978.65357,601.4903167,868
EEU-FSU,-133.56,SSP2,2060,39.83957551,33515.68042,468.4474267,747
EEU-FSU,-133.56,SSP2,2030,39.94633712,15464.3887,400.7262006,640
EEU-FSU,-133.56,SSP2,2040,39.95438359,21099.91405,421.8684376,674
EEU-FSU,-133.56,SSP2,2050,39.95221695,26841.67494,443.4092277,709
EFTA,-207.35,SSP2,2030,12.43094375,51928.31142,463.7342531,231
EFTA,-207.35,SSP2,2040,13.60219123,57048.09895,482.941648,263
EFTA,-207.35,SSP2,2050,14.66756937,63748.69527,508.0796052,298
EFTA,-207.35,SSP2,2060,15.62314421,72115.28329,539.4676968,337
EFTA,-207.35,SSP2,2070,16.35347975,82313.62643,577.7278009,378
EFTA,-207.35,SSP2,2080,16.87201912,93674.01724,620.3474431,419
EFTA,-207.35,SSP2,2090,17.15791941,106017.9945,666.657108,458
EFTA,-207.35,SSP2,2100,17.13460182,119936.3313,718.8731404,493
EFTA,-207.35,SSP2,2020,11.14186674,47449.09394,446.9300208,199
EU12-H,-183.71,SSP2,2020,47.82000496,24436.47573,384.2358823,735
EU12-H,-183.71,SSP2,2030,50.46428364,31203.66415,409.6236664,827
EU12-H,-183.71,SSP2,2040,51.75860124,38696.00849,437.7319455,906
EU12-H,-183.71,SSP2,2050,52.48703109,45662.18132,463.8662394,974
EU12-H,-183.71,SSP2,2060,52.59753882,53093.57376,491.7458513,1035
EU12-H,-183.71,SSP2,2070,51.60915904,62631.54034,527.5284867,1089
EU12-H,-183.71,SSP2,2080,49.97005915,72829.91893,565.7887239,1131
EU12-H,-183.71,SSP2,2090,48.31936504,83312.5722,605.1154459,1170
EU12-H,-183.71,SSP2,2100,46.70300644,94959.30394,648.8093247,1212
EU12-M,-169.08,SSP2,2020,22.23114912,16026.92281,367.3166036,327
EU12-M,-169.08,SSP2,2060,20.94197482,39945.52424,457.0496287,383
EU12-M,-169.08,SSP2,2070,19.75913274,47786.30726,486.4651103,384
EU12-M,-169.08,SSP2,2080,18.52297853,55957.02251,517.1183657,383
EU12-M,-169.08,SSP2,2090,17.42464223,64499.26705,549.1654503,383
EU12-M,-169.08,SSP2,2100,16.47142139,73567.47852,583.1857524,384
EU12-M,-169.08,SSP2,2030,22.50379407,21920.87832,389.4283671,351
EU12-M,-169.08,SSP2,2040,22.35245143,27763.0319,411.3457905,368
EU12-M,-169.08,SSP2,2050,21.83027094,33508.76756,432.9014924,378
EU15,-229.9,SSP2,2050,385.7059976,50267.85017,434.9548667,6711
EU15,-229.9,SSP2,2060,396.6721936,57471.52822,461.9801853,7330
EU15,-229.9,SSP2,2070,403.4919835,65997.73226,493.9670924,7972
EU15,-229.9,SSP2,2080,407.3625303,75084.51286,528.0570584,8604
EU15,-229.9,SSP2,2090,407.6887232,85061.51814,565.4867914,9222
EU15,-229.9,SSP2,2100,403.3102509,96427.20658,608.1263082,9811
EU15,-229.9,SSP2,2020,330.2720162,34414.46043,375.4792897,4960
EU15,-229.9,SSP2,2030,351.9167258,38794.52191,391.9115284,5517
EU15,-229.9,SSP2,2040,370.5335149,44087.38123,411.7682194,6103
IDN,-251.72,SSP2,2020,132.8223199,6692.726441,249.6584325,1326
IDN,-251.72,SSP2,2030,156.3009241,10978.31253,265.7362373,1661
IDN,-251.72,SSP2,2040,174.9132003,16062.9363,284.8117118,1993
IDN,-251.72,SSP2,2050,187.0695997,22032.95292,307.2088262,2299
IDN,-251.72,SSP2,2060,192.8492196,28912.74498,333.0190541,2569
IDN,-251.72,SSP2,2070,193.192103,36662.45954,362.0928832,2798
IDN,-251.72,SSP2,2080,189.5583694,45319.97585,394.5724214,2992
IDN,-251.72,SSP2,2090,183.3868581,55052.45292,431.0847824,3162
IDN,-251.72,SSP2,2100,175.6719415,65872.8122,471.6784422,3314
IND,-408.86,SSP2,2020,496.0054171,5022.533645,86.25253722,1711
IND,-408.86,SSP2,2070,1119.259625,27229.98979,169.5660297,7592
IND,-408.86,SSP2,2080,1173.19202,34259.26275,195.9370501,9195
IND,-408.86,SSP2,2090,1195.221635,42234.42226,225.8566586,10798
IND,-408.86,SSP2,2100,1191.90116,51149.59446,259.3028186,12363
IND,-408.86,SSP2,2030,635.6926634,7986.2092,97.37106244,2476
IND,-408.86,SSP2,2040,779.6295863,11574.96189,110.834627,3456
IND,-408.86,SSP2,2050,917.3325596,15883.35034,126.9979771,4660
IND,-408.86,SSP2,2060,1033.556348,21063.03921,146.4300979,6054
JPN,-270.42,SSP2,2040,88.67724708,44001.37656,370.9255643,1316
JPN,-270.42,SSP2,2050,86.93719409,48976.07659,389.5886489,1355
JPN,-270.42,SSP2,2060,84.49293152,54980.40519,412.1144881,1393
JPN,-270.42,SSP2,2070,80.9583988,62164.4067,439.0659882,1422
JPN,-270.42,SSP2,2080,76.78407214,70187.62114,469.1658795,1441
JPN,-270.42,SSP2,2090,72.08960994,79659.90784,504.7021102,1455
JPN,-270.42,SSP2,2100,67.23924518,90674.2717,546.0235977,1469
JPN,-270.42,SSP2,2020,88.22508089,34618.65068,335.7253299,1185
JPN,-270.42,SSP2,2030,89.29921631,39568.46928,354.2950694,1266
KOR,-421.01,SSP2,2020,42.27576544,38844.32913,200.9883851,340
KOR,-421.01,SSP2,2030,43.70659062,51199.37299,247.3395677,432
KOR,-421.01,SSP2,2040,43.82476905,62590.07551,290.0729273,508
KOR,-421.01,SSP2,2050,42.46022984,74092.96508,333.2271678,566
KOR,-421.01,SSP2,2060,40.1099121,85983.51144,377.8357415,606
KOR,-421.01,SSP2,2100,29.26085249,139047.207,576.9095018,675
KOR,-421.01,SSP2,2070,37.33192963,98164.75885,423.5349093,632
KOR,-421.01,SSP2,2080,34.47515699,111307.7553,472.8421746,652
KOR,-421.01,SSP2,2090,31.76900167,125116.2123,524.6459819,667
LAM-L,-322.07,SSP2,2070,45.24510407,23147.1773,241.0389504,436
LAM-L,-322.07,SSP2,2080,46.54900883,31700.08193,273.1260274,509
LAM-L,-322.07,SSP2,2090,47.18049542,42384.01895,313.2078855,591
LAM-L,-322.07,SSP2,2100,47.32624011,55179.58458,361.2117295,684
LAM-L,-322.07,SSP2,2050,40.32271469,11445.51481,197.1389933,318
LAM-L,-322.07,SSP2,2020,25.83510826,3714.399587,168.1349415,174
LAM-L,-322.07,SSP2,2030,31.49638343,5346.097518,174.2564194,220
LAM-L,-322.07,SSP2,2040,36.38976118,7822.500133,183.5468915,267
LAM-L,-322.07,SSP2,2060,43.19372553,16480.39897,216.0278648,373
LAM-M,-348.7,SSP2,2030,238.9979938,17695.26733,193.9555649,1854
LAM-M,-348.7,SSP2,2040,257.338847,22398.06066,211.5985644,2178
LAM-M,-348.7,SSP2,2050,269.7443253,27942.23438,232.3980865,2508
LAM-M,-348.7,SSP2,2060,276.1321471,34521.46265,257.0807193,2840
LAM-M,-348.7,SSP2,2070,277.8072503,42164.81566,285.7555224,3175
LAM-M,-348.7,SSP2,2080,275.5404924,50862.56615,318.3860032,3509
LAM-M,-348.7,SSP2,2090,270.1973751,60714.21415,355.3454458,3841
LAM-M,-348.7,SSP2,2100,262.9937858,71617.16737,396.2489651,4168
LAM-M,-348.7,SSP2,2020,215.3063405,13561.93,178.4489366,1537
MEA-H,-345.62,SSP2,2020,57.92704505,35429.59836,263.5676812,611
MEA-H,-345.62,SSP2,2030,71.32997288,42254.40574,289.1716286,825
MEA-H,-345.62,SSP2,2040,84.24304784,47814.81971,310.0320776,1045
MEA-H,-345.62,SSP2,2050,95.69014781,52522.33772,327.6928022,1254
MEA-H,-345.62,SSP2,2060,105.0317615,57826.02109,347.5901007,1460
MEA-H,-345.62,SSP2,2070,111.6671246,64527.44495,372.7311625,1665
MEA-H,-345.62,SSP2,2080,115.6326284,72199.3189,401.5129648,1857
MEA-H,-345.62,SSP2,2090,117.4051887,81054.80823,434.7352186,2042
MEA-H,-345.62,SSP2,2100,117.3082038,91029.34197,472.1556793,2216
MEA-M,-367.21,SSP2,2020,132.2154118,8252.664333,140.0206955,741
MEA-M,-367.21,SSP2,2030,159.9591925,10635.09793,148.9586334,953
MEA-M,-367.21,SSP2,2040,186.3119925,13573.26391,159.9814569,1192
MEA-M,-367.21,SSP2,2050,209.5299266,16741.48588,171.8673584,1440
MEA-M,-367.21,SSP2,2060,227.691939,20450.60942,185.7825063,1692
MEA-M,-367.21,SSP2,2070,240.7209273,25141.2099,203.3797631,1958
MEA-M,-367.21,SSP2,2080,248.7485456,30756.29561,224.4453186,2233
MEA-M,-367.21,SSP2,2090,252.7267008,37470.33729,249.6337174,2524
MEA-M,-367.21,SSP2,2100,254.1103535,45346.25756,279.1810199,2838
MEX,-358.88,SSP2,2020,102.4777698,15621.86541,175.9969903,721
MEX,-358.88,SSP2,2030,114.927648,19511.96623,190.5910925,876
MEX,-358.88,SSP2,2040,124.6924657,24077.23676,207.7181614,1036
MEX,-358.88,SSP2,2050,131.4702316,29699.73561,228.8115281,1203
MEX,-358.88,SSP2,2060,135.1439973,36707.52643,255.1019562,1379
MEX,-358.88,SSP2,2070,136.9477199,45023.84606,286.3014609,1568
MEX,-358.88,SSP2,2080,137.5698679,54642.78935,322.3878885,1774
MEX,-358.88,SSP2,2090,136.8123206,65776.16044,364.1558435,1993
MEX,-358.88,SSP2,2100,135.3066691,78472.4798,411.7873552,2229
NAF,-321.86,SSP2,2020,112.2622728,8554.30627,186.5023354,837
NAF,-321.86,SSP2,2030,133.3525537,12445.82956,201.1017742,1073
NAF,-321.86,SSP2,2040,151.8124693,17062.50345,218.4216879,1326
NAF,-321.86,SSP2,2050,167.1398982,22508.79239,238.8539855,1597
NAF,-321.86,SSP2,2060,178.1413503,29132.57937,263.7037848,1879
NAF,-321.86,SSP2,2070,184.9525488,37058.61604,293.4391039,2171
NAF,-321.86,SSP2,2080,188.2065787,45879.90379,326.533047,2458
NAF,-321.86,SSP2,2090,189.1089775,55605.15356,363.0182941,2746
NAF,-321.86,SSP2,2100,188.1889367,66282.2476,403.0744801,3034
OAS-CPA,-342.72,SSP2,2020,44.01047936,4782.092355,151.4904977,267
OAS-CPA,-342.72,SSP2,2030,54.51055425,7601.874945,162.069194,353
OAS-CPA,-342.72,SSP2,2040,63.90368433,10978.87539,174.7383489,447
OAS-CPA,-342.72,SSP2,2050,71.38386629,15215.92511,190.6340647,544
OAS-CPA,-342.72,SSP2,2060,76.28573469,20308.59788,209.7397358,640
OAS-CPA,-342.72,SSP2,2070,78.86190376,26779.01059,234.0141361,738
OAS-CPA,-342.72,SSP2,2080,79.43753094,34233.74568,261.9813203,832
OAS-CPA,-342.72,SSP2,2090,78.61060372,42796.63307,294.1058486,925
OAS-CPA,-342.72,SSP2,2100,77.25603641,52611.4646,330.9271706,1023
OAS-L,-405.44,SSP2,2020,148.2561655,3129.317664,82.56994815,490
OAS-L,-405.44,SSP2,2030,187.4439489,4638.67338,88.23244705,662
OAS-L,-405.44,SSP2,2040,224.1746705,6578.755271,95.51085828,856
OAS-L,-405.44,SSP2,2050,255.7487599,9311.414359,105.7627021,1082
OAS-L,-405.44,SSP2,2060,280.5471022,13040.59629,119.7531011,1344
OAS-L,-405.44,SSP2,2070,298.2261176,17948.7324,138.1664645,1648
OAS-L,-405.44,SSP2,2080,309.2595677,24212.39719,161.6652293,2000
OAS-L,-405.44,SSP2,2090,314.5595085,31845.16756,190.3003306,2394
OAS-L,-405.44,SSP2,2100,315.5489444,40896.32692,224.2566601,2831
OAS-M,-233.56,SSP2,2020,65.08484246,15026.41584,299.0831017,779
OAS-M,-233.56,SSP2,2030,76.56575626,21151.24145,322.0609974,986
OAS-M,-233.56,SSP2,2040,86.5632236,27965.25195,347.6244392,1204
OAS-M,-233.56,SSP2,2050,94.30831652,35605.18018,376.286394,1419
OAS-M,-233.56,SSP2,2060,99.99329838,44274.24261,408.8092486,1635
OAS-M,-233.56,SSP2,2070,103.4721351,53782.88781,444.4818819,1840
OAS-M,-233.56,SSP2,2080,104.7723395,64095.65947,483.1712761,2025
OAS-M,-233.56,SSP2,2090,104.2142761,75044.18161,524.2457517,2185
OAS-M,-233.56,SSP2,2100,102.2994291,86495.96714,567.2082703,2321
PAK,-399.52,SSP2,2020,98.20720585,2677.387923,86.79448853,341
PAK,-399.52,SSP2,2030,131.3550523,3671.47169,90.52389319,476
PAK,-399.52,SSP2,2040,166.3312427,5256.840006,96.47156097,642
PAK,-399.52,SSP2,2050,201.5987165,7597.473326,105.2526809,849
PAK,-399.52,SSP2,2060,233.5937813,10912.66692,117.6899612,1100
PAK,-399.52,SSP2,2070,261.0133352,15535.25886,135.0320772,1410
PAK,-399.52,SSP2,2080,283.9768519,21562.74127,157.6447802,1791
PAK,-399.52,SSP2,2090,301.9682791,29054.12689,185.7494624,2244
PAK,-399.52,SSP2,2100,314.6817337,38284.56058,220.3783575,2774
RUS,-292.05,SSP2,2020,109.4981668,20652.07258,261.6983155,1146
RUS,-292.05,SSP2,2030,112.3322086,28552.01801,291.3357508,1309
RUS,-292.05,SSP2,2040,114.6895377,36055.89064,319.4872793,1466
RUS,-292.05,SSP2,2050,116.994875,41368.02569,339.4162852,1588
RUS,-292.05,SSP2,2060,118.5673134,47197.4754,361.2860487,1713
RUS,-292.05,SSP2,2070,119.0548485,54436.48151,388.443904,1850
RUS,-292.05,SSP2,2080,118.4264927,61191.40977,413.7856929,1960
RUS,-292.05,SSP2,2090,116.6467088,68236.91728,440.2176189,2054
RUS,-292.05,SSP2,2100,113.9347885,75972.24708,469.2374821,2138
SAF,-81.077,SSP2,2020,36.79718423,12942.24235,443.7471164,653
SAF,-81.077,SSP2,2030,41.9014936,17483.71912,460.7849207,772
SAF,-81.077,SSP2,2040,45.9650521,22361.39552,479.0840114,881
SAF,-81.077,SSP2,2050,49.11058592,27540.90691,498.5154664,979
SAF,-81.077,SSP2,2060,51.39007412,33296.29345,520.1073745,1069
SAF,-81.077,SSP2,2070,52.62716381,39816.83984,544.5698563,1146
SAF,-81.077,SSP2,2080,52.71652387,47106.62391,571.9182103,1206
SAF,-81.077,SSP2,2090,51.98517791,54980.03897,601.4561142,1251
SAF,-81.077,SSP2,2100,50.53819023,63460.21104,633.2703277,1280
SSA-L,-282.8,SSP2,2020,400.1673885,1933.805572,200.724865,3213
SSA-L,-282.8,SSP2,2030,555.7190123,2973.144805,204.6240501,4549
SSA-L,-282.8,SSP2,2040,731.4639869,4523.021613,210.4385679,6157
SSA-L,-282.8,SSP2,2050,916.134501,6943.741797,219.5201417,8044
SSA-L,-282.8,SSP2,2060,1094.508775,10646.56217,233.4116426,10219
SSA-L,-282.8,SSP2,2070,1261.110001,15994.6372,253.4754809,12786
SSA-L,-282.8,SSP2,2080,1409.098463,23265.2769,280.7520128,15824
SSA-L,-282.8,SSP2,2090,1532.215076,32685.49102,316.0928881,19373
SSA-L,-282.8,SSP2,2100,1629.36393,44362.78957,359.9014414,23456
SSA-M,-222.28,SSP2,2020,21.81942299,9116.16291,288.1901968,252
SSA-M,-222.28,SSP2,2030,28.74743021,9945.461263,291.3013925,335
SSA-M,-222.28,SSP2,2040,35.46617492,10384.98076,292.9502938,416
SSA-M,-222.28,SSP2,2050,41.71325385,12022.85983,299.0949609,499
SSA-M,-222.28,SSP2,2060,47.0905706,15063.88079,310.5036552,585
SSA-M,-222.28,SSP2,2070,51.32320082,19631.30049,327.6387869,673
SSA-M,-222.28,SSP2,2080,54.29713609,25858.97044,351.0025135,762
SSA-M,-222.28,SSP2,2090,56.09880922,33808.22451,380.8249351,855
SSA-M,-222.28,SSP2,2100,56.68453795,43663.28401,417.7971763,947
TUR,-348.59,SSP2,2020,58.76353308,17449.52171,193.1436256,454
TUR,-348.59,SSP2,2030,66.06398633,22519.96834,212.1659132,561
TUR,-348.59,SSP2,2040,72.19263874,27863.18312,232.2115178,671
TUR,-348.59,SSP2,2050,76.91801005,33832.93037,254.6076216,783
TUR,-348.59,SSP2,2060,79.9765333,40669.92921,280.2573064,897
TUR,-348.59,SSP2,2070,81.64199994,48406.88365,309.2832647,1010
TUR,-348.59,SSP2,2080,81.99088032,56926.29305,341.244681,1119
TUR,-348.59,SSP2,2090,81.36545986,66259.113,376.2576883,1225
TUR,-348.59,SSP2,2100,80.19661144,76271.28206,413.8193418,1327
USA,-32.744,SSP2,2020,289.2270342,50417.62466,632.6727607,7319
USA,-32.744,SSP2,2030,319.283607,57772.07996,660.2637352,8432
USA,-32.744,SSP2,2040,346.4479901,63197.09449,680.6162197,9432
USA,-32.744,SSP2,2050,370.3863757,67595.13309,697.1159013,10328
USA,-32.744,SSP2,2060,393.415765,71599.12694,712.1372846,11207
USA,-32.744,SSP2,2070,414.1658032,75930.20009,728.3857387,12067
USA,-32.744,SSP2,2080,429.8634128,80338.01076,744.9220812,12809
USA,-32.744,SSP2,2090,439.9990566,85075.73754,762.696137,13423
USA,-32.744,SSP2,2100,445.405239,90095.20722,781.5271794,13924
AUNZ,0,SSP3,2020,27.01236935,40514.03288,628.2624458,679
AUNZ,0,SSP3,2030,29.19427855,45744.77468,647.8860967,757
AUNZ,0,SSP3,2040,30.6442991,49459.26153,661.8213656,811
AUNZ,0,SSP3,2050,31.49537494,52501.07361,673.2330278,848
AUNZ,0,SSP3,2060,31.65449278,55405.06067,684.1276256,866
AUNZ,0,SSP3,2070,31.09502391,59443.87344,699.2796356,870
AUNZ,0,SSP3,2080,29.90208505,63464.90834,714.3649501,854
AUNZ,0,SSP3,2090,28.15985296,67991.15398,731.3456133,824
AUNZ,0,SSP3,2100,26.04124595,73745.46248,752.933477,784
BRA,-345.58,SSP3,2020,189.1727542,13286.34933,180.5350682,1366
BRA,-345.58,SSP3,2060,241.2708406,17396.23224,195.9537049,1891
BRA,-345.58,SSP3,2070,246.1570584,17660.61693,196.9455705,1939
BRA,-345.58,SSP3,2080,250.1726293,17898.05326,197.8363366,1980
BRA,-345.58,SSP3,2090,254.7828823,17865.66285,197.7148207,2015
BRA,-345.58,SSP3,2100,260.8785516,17675.2588,197.0005009,2056
BRA,-345.58,SSP3,2030,207.9103078,15691.16331,189.5569683,1576
BRA,-345.58,SSP3,2040,222.5058089,16656.91923,193.1800982,1719
BRA,-345.58,SSP3,2050,233.7596241,17083.04217,194.778741,1821
CAN,-182.6,SSP3,2050,33.99414773,60800.783,521.7702175,709
CAN,-182.6,SSP3,2060,33.64928105,67626.46043,547.3774289,737
CAN,-182.6,SSP3,2070,32.72040729,74991.17078,575.0068763,753
CAN,-182.6,SSP3,2080,31.19974978,82377.76908,602.7184385,752
CAN,-182.6,SSP3,2090,29.1721238,90413.1229,632.8638719,738
CAN,-182.6,SSP3,2100,26.83137251,100033.4996,668.9556771,718
CAN,-182.6,SSP3,2020,30.74783093,40593.23075,445.9595645,548
CAN,-182.6,SSP3,2030,32.740102,45363.07753,463.8541217,607
CAN,-182.6,SSP3,2040,33.7358909,52795.90913,491.7391327,664
CAS,-242.64,SSP3,2020,39.70095228,8858.440691,266.8633261,424
CAS,-242.64,SSP3,2030,44.64750813,12703.64737,281.2890035,502
CAS,-242.64,SSP3,2040,49.04340936,15847.33298,293.0828544,575
CAS,-242.64,SSP3,2050,53.20846603,17539.99152,299.4330322,637
CAS,-242.64,SSP3,2060,56.82685619,18510.99583,303.0758519,689
CAS,-242.64,SSP3,2070,60.09954225,20291.91279,309.75714,745
CAS,-242.64,SSP3,2100,70.08785797,26647.61332,333.6011861,935
CAS,-242.64,SSP3,2080,63.34333086,22280.52372,317.2176128,804
CAS,-242.64,SSP3,2090,66.67332564,24359.66696,325.0177266,867
CHN,-304.13,SSP3,2020,715.8758391,14901.35701,228.0439309,6530
CHN,-304.13,SSP3,2080,680.4188301,34808.96936,302.7293295,8239
CHN,-304.13,SSP3,2090,659.7368761,35765.4705,306.3177391,8084
CHN,-304.13,SSP3,2100,650.5039074,36354.4418,308.5273239,8028
CHN,-304.13,SSP3,2050,770.7486984,29674.1798,283.4656529,8739
CHN,-304.13,SSP3,2060,742.8102831,31535.43256,290.4483288,8630
CHN,-304.13,SSP3,2030,766.4863494,22486.60559,256.5007495,7864
CHN,-304.13,SSP3,2040,782.2097983,26739.36688,272.4554088,8525
CHN,-304.13,SSP3,2070,710.4602913,33311.77969,297.1124727,8443
EEU,-218.6,SSP3,2040,14.60992284,15706.58055,316.5948076,185
EEU,-218.6,SSP3,2050,14.84814551,17273.31378,322.472564,192
EEU,-218.6,SSP3,2060,15.09696978,18844.75702,328.3679905,198
EEU,-218.6,SSP3,2070,15.25414234,20673.43545,335.2284604,205
EEU,-218.6,SSP3,2080,15.40887141,22569.21313,342.34066,211
EEU,-218.6,SSP3,2090,15.64924765,24261.55442,348.6896476,218
EEU,-218.6,SSP3,2100,15.90290096,26006.4885,355.2359422,226
EEU,-218.6,SSP3,2020,13.76067235,11242.89075,299.8488289,165
EEU,-218.6,SSP3,2030,14.28174998,13745.8155,309.2388014,177
EEU-FSU,-133.56,SSP3,2020,38.7284899,10487.30982,382.0541915,592
EEU-FSU,-133.56,SSP3,2030,37.44454945,14262.36002,396.2166698,593
EEU-FSU,-133.56,SSP3,2040,36.31995513,17423.47825,408.075921,593
EEU-FSU,-133.56,SSP3,2050,35.68775548,19889.87556,417.3288572,596
EEU-FSU,-133.56,SSP3,2060,35.37398391,22691.09502,427.8379121,605
EEU-FSU,-133.56,SSP3,2070,35.35342074,26317.97288,441.4445071,624
EEU-FSU,-133.56,SSP3,2080,35.77675118,29705.70073,454.1539068,650
EEU-FSU,-133.56,SSP3,2090,36.44894216,33067.14364,466.7646961,681
EEU-FSU,-133.56,SSP3,2100,37.13640716,36725.21614,480.4883209,714
EFTA,-207.35,SSP3,2020,10.59983901,47343.86249,446.5352345,189
EFTA,-207.35,SSP3,2030,11.06913523,51715.39782,462.9354865,205
EFTA,-207.35,SSP3,2040,11.30316992,55487.11044,477.0854435,216
EFTA,-207.35,SSP3,2050,11.32240516,58993.03537,490.2382715,222
EFTA,-207.35,SSP3,2060,11.13889018,63616.20561,507.582557,226
EFTA,-207.35,SSP3,2070,10.77950229,69425.21716,529.3756447,228
EFTA,-207.35,SSP3,2080,10.29643459,75222.96985,551.1264937,227
EFTA,-207.35,SSP3,2090,9.682844641,81108.2545,573.2057276,222
EFTA,-207.35,SSP3,2100,8.96968939,87460.78089,597.0378656,214
EU12-H,-183.71,SSP3,2020,45.05342263,24333.605,383.8499525,692
EU12-H,-183.71,SSP3,2030,44.47829021,30397.15825,406.5979789,723
EU12-H,-183.71,SSP3,2040,42.59429213,36216.86834,428.4312033,730
EU12-H,-183.71,SSP3,2050,40.15323874,40829.43805,445.7357198,716
EU12-H,-183.71,SSP3,2060,37.16739849,45385.52489,462.8283352,688
EU12-H,-183.71,SSP3,2070,33.49039749,51323.88454,485.1066852,650
EU12-H,-183.71,SSP3,2080,29.83740927,56712.70717,505.3233922,603
EU12-H,-183.71,SSP3,2090,26.68411534,61443.32846,523.070791,558
EU12-H,-183.71,SSP3,2100,23.79015354,66611.42589,542.4594254,516
EU12-M,-169.08,SSP3,2020,21.33210523,15927.64222,366.9441426,313
EU12-M,-169.08,SSP3,2030,21.11876479,20382.24823,383.6560424,324
EU12-M,-169.08,SSP3,2040,20.72166024,23273.5881,394.5031931,327
EU12-M,-169.08,SSP3,2050,20.32068234,25314.79932,402.1610011,327
EU12-M,-169.08,SSP3,2060,19.83862142,27497.03157,410.3478636,326
EU12-M,-169.08,SSP3,2100,19.78962881,38197.46418,450.4916066,357
EU12-M,-169.08,SSP3,2070,19.37436846,30449.54629,421.4245179,327
EU12-M,-169.08,SSP3,2080,19.24575929,33195.13173,431.7248562,332
EU12-M,-169.08,SSP3,2090,19.45034072,35592.20766,440.7177262,343
EU15,-229.9,SSP3,2020,317.6987189,34376.22678,375.3358524,4770
EU15,-229.9,SSP3,2030,320.3558979,38259.75589,389.9053002,4996
EU15,-229.9,SSP3,2090,239.6306116,63245.52442,483.6419094,4636
EU15,-229.9,SSP3,2100,219.6439681,68652.24627,503.9257671,4427
EU15,-229.9,SSP3,2040,317.3092585,41948.84842,403.7452997,5124
EU15,-229.9,SSP3,2050,308.2971573,45624.72703,417.5357259,5149
EU15,-229.9,SSP3,2060,293.7568331,49679.65448,432.7481917,5085
EU15,-229.9,SSP3,2070,276.6338701,54310.54666,450.1214469,4981
EU15,-229.9,SSP3,2080,258.6302717,58613.42587,466.2641285,4824
IDN,-251.72,SSP3,2040,143.578896,12594.47307,271.7994252,1561
IDN,-251.72,SSP3,2050,151.4575001,14774.35611,279.9774744,1696
IDN,-251.72,SSP3,2060,156.6838852,16623.99421,286.9165767,1798
IDN,-251.72,SSP3,2070,159.9804352,18271.07178,293.0957529,1876
IDN,-251.72,SSP3,2080,162.4491348,19804.44736,298.8483647,1942
IDN,-251.72,SSP3,2090,164.7673227,21256.22102,304.2948388,2006
IDN,-251.72,SSP3,2100,167.227929,22698.1343,309.7043206,2072
IDN,-251.72,SSP3,2020,120.0715691,6650.454561,249.4998453,1198
IDN,-251.72,SSP3,2030,133.063343,9975.801703,261.9752177,1394
IND,-408.86,SSP3,2020,447.2678929,4975.211755,86.07500442,1540
IND,-408.86,SSP3,2030,535.4492203,7039.009787,93.81754912,2009
IND,-408.86,SSP3,2040,628.4271964,8492.180315,99.26926367,2495
IND,-408.86,SSP3,2050,728.1702855,9587.277847,103.3776316,3011
IND,-408.86,SSP3,2060,826.9064948,10550.06719,106.9896321,3539
IND,-408.86,SSP3,2090,1114.987233,13307.04916,117.3327256,5233
IND,-408.86,SSP3,2100,1211.979812,14159.07021,120.5291678,5843
IND,-408.86,SSP3,2070,922.595383,11524.77374,110.6463412,4083
IND,-408.86,SSP3,2080,1018.768412,12450.8754,114.1207042,4651
JPN,-270.42,SSP3,2020,84.22881911,34591.21574,335.622405,1131
JPN,-270.42,SSP3,2080,44.78774806,53446.35194,406.359334,728
JPN,-270.42,SSP3,2090,38.43597101,57723.40319,422.4051194,649
JPN,-270.42,SSP3,2100,32.67712225,63310.2398,443.3646956,580
JPN,-270.42,SSP3,2060,59.60302097,46777.71879,381.3412898,909
JPN,-270.42,SSP3,2030,79.9654299,39055.74665,352.3715391,1127
JPN,-270.42,SSP3,2040,73.85216863,41832.5182,362.7888753,1072
JPN,-270.42,SSP3,2050,66.93582439,44112.78659,371.3435302,994
JPN,-270.42,SSP3,2070,51.942302,50054.94609,393.6361357,818
KOR,-421.01,SSP3,2020,41.87352132,38678.33673,200.3656481,336
KOR,-421.01,SSP3,2030,42.2512855,49864.594,242.3320109,410
KOR,-421.01,SSP3,2040,40.93152294,58793.43984,275.8294689,452
KOR,-421.01,SSP3,2050,37.83987128,66776.19222,305.7775627,463
KOR,-421.01,SSP3,2060,33.68112286,74462.826,334.614738,451
KOR,-421.01,SSP3,2070,29.30317814,82049.04202,363.0751861,426
KOR,-421.01,SSP3,2080,25.10856996,89671.5169,391.6716628,393
KOR,-421.01,SSP3,2090,21.25972544,97275.14851,420.1974472,357
KOR,-421.01,SSP3,2100,17.97151204,104259.7983,446.4010593,321
LAM-L,-322.07,SSP3,2020,24.91844022,3651.926474,167.9005674,167
LAM-L,-322.07,SSP3,2030,30.92441543,4621.641732,171.5385511,212
LAM-L,-322.07,SSP3,2040,37.06637731,5667.577945,175.4624854,260
LAM-L,-322.07,SSP3,2050,43.32221985,6878.695536,180.0061142,312
LAM-L,-322.07,SSP3,2060,49.42765915,8275.388823,185.2459487,366
LAM-L,-322.07,SSP3,2070,55.33185981,9907.509879,191.3690141,424
LAM-L,-322.07,SSP3,2080,61.05660038,11791.05394,198.435318,485
LAM-L,-322.07,SSP3,2090,66.63693706,13866.82087,206.2227652,550
LAM-L,-322.07,SSP3,2100,72.07507281,16154.33828,214.8046155,619
LAM-M,-348.7,SSP3,2020,214.8411119,13445.05334,178.0104621,1530
LAM-M,-348.7,SSP3,2030,242.9033428,16267.20963,188.5980637,1832
LAM-M,-348.7,SSP3,2040,268.3880458,18505.22961,196.9942194,2115
LAM-M,-348.7,SSP3,2050,291.9859474,20710.08611,205.265959,2397
LAM-M,-348.7,SSP3,2060,313.3955864,22946.89349,213.6575656,2678
LAM-M,-348.7,SSP3,2070,333.077485,25305.12507,222.5047072,2964
LAM-M,-348.7,SSP3,2080,352.0986614,27755.03188,231.6957776,3263
LAM-M,-348.7,SSP3,2090,371.4104589,30172.52483,240.7652442,3577
LAM-M,-348.7,SSP3,2100,391.5935532,32637.08015,250.0112699,3916
MEA-H,-345.62,SSP3,2020,56.81169224,35220.74445,262.7841449,597
MEA-H,-345.62,SSP3,2030,68.47487163,41978.56084,288.1367689,789
MEA-H,-345.62,SSP3,2040,79.95180587,47511.05401,308.8924702,988
MEA-H,-345.62,SSP3,2050,91.02320699,49303.73663,315.6178983,1149
MEA-H,-345.62,SSP3,2060,101.2562072,48803.35782,313.7406772,1271
MEA-H,-345.62,SSP3,2070,110.6912552,48323.5763,311.9407288,1381
MEA-H,-345.62,SSP3,2080,119.8478549,48276.17731,311.7629068,1495
MEA-H,-345.62,SSP3,2090,128.383697,48930.89687,314.2191527,1614
MEA-H,-345.62,SSP3,2100,135.4649531,50309.92495,319.3927144,1731
MEA-M,-367.21,SSP3,2020,128.7531612,8140.384473,139.5994664,719
MEA-M,-367.21,SSP3,2030,156.2430173,9956.89708,146.4142951,915
MEA-M,-367.21,SSP3,2040,184.3719805,11893.22019,153.6786049,1133
MEA-M,-367.21,SSP3,2050,213.5791635,13115.26268,158.2632195,1352
MEA-M,-367.21,SSP3,2060,242.052907,13878.55235,161.126777,1560
MEA-M,-367.21,SSP3,2070,269.3675098,14782.07563,164.5164349,1773
MEA-M,-367.21,SSP3,2080,297.2166314,15873.87589,168.6124328,2005
MEA-M,-367.21,SSP3,2090,326.4205367,17167.55634,173.4658044,2265
MEA-M,-367.21,SSP3,2100,356.4837497,18726.46841,179.3142189,2557
MEX,-358.88,SSP3,2020,102.1959562,15554.38399,175.743827,718
MEX,-358.88,SSP3,2030,118.1165777,18231.83484,185.7885516,878
MEX,-358.88,SSP3,2040,133.9722425,20145.47082,192.9677483,1034
MEX,-358.88,SSP3,2050,149.9943109,21609.56582,198.4604471,1191
MEX,-358.88,SSP3,2060,165.7025227,23109.66503,204.0882193,1353
MEX,-358.88,SSP3,2070,181.4308892,24728.4757,210.1613494,1525
MEX,-358.88,SSP3,2080,197.3391583,26352.52904,216.254148,1707
MEX,-358.88,SSP3,2090,212.9838912,27796.58442,221.6716661,1888
MEX,-358.88,SSP3,2100,228.6164223,29077.2591,226.4762452,2071
NAF,-321.86,SSP3,2020,106.6292694,8486.196469,186.2468147,794
NAF,-321.86,SSP3,2030,123.885532,11392.477,197.1500167,977
NAF,-321.86,SSP3,2040,139.7043241,13661.37587,205.6620177,1149
NAF,-321.86,SSP3,2050,155.1892737,15485.4404,212.5051782,1319
NAF,-321.86,SSP3,2060,169.3773392,17485.68947,220.0093126,1491
NAF,-321.86,SSP3,2070,182.0183621,19923.95867,229.1567233,1668
NAF,-321.86,SSP3,2080,194.8791947,22499.88482,238.8205679,1862
NAF,-321.86,SSP3,2090,208.6991737,25075.77684,248.4842844,2074
NAF,-321.86,SSP3,2100,222.7944038,27808.44106,258.7361475,2306
OAS-CPA,-342.72,SSP3,2020,39.51277467,4743.033076,151.3439629,239
OAS-CPA,-342.72,SSP3,2030,45.57609936,6933.121131,159.5602972,291
OAS-CPA,-342.72,SSP3,2040,50.89330274,8850.2443,166.7525765,339
OAS-CPA,-342.72,SSP3,2050,55.59896616,10807.35121,174.0948588,387
OAS-CPA,-342.72,SSP3,2060,59.37828485,12776.92954,181.4839289,431
OAS-CPA,-342.72,SSP3,2070,62.50022401,15091.19899,190.1661421,475
OAS-CPA,-342.72,SSP3,2080,65.54712861,17370.96841,198.7189251,521
OAS-CPA,-342.72,SSP3,2090,68.92056074,19561.28627,206.9361216,570
OAS-CPA,-342.72,SSP3,2100,72.904688,21836.37394,215.4713405,628
OAS-L,-405.44,SSP3,2020,137.6247775,3105.824063,82.48180956,454
OAS-L,-405.44,SSP3,2030,168.1707005,4164.732065,86.45440881,582
OAS-L,-405.44,SSP3,2040,198.1981976,5011.943291,89.63280645,711
OAS-L,-405.44,SSP3,2050,227.9618697,5938.527038,93.10897803,849
OAS-L,-405.44,SSP3,2060,256.3845411,7017.62892,97.15733666,996
OAS-L,-405.44,SSP3,2070,282.9274801,8331.475956,102.0863652,1155
OAS-L,-405.44,SSP3,2080,308.6618985,9893.745466,107.9473755,1333
OAS-L,-405.44,SSP3,2090,334.3639967,11612.88927,114.3969154,1530
OAS-L,-405.44,SSP3,2100,360.2002245,13526.87244,121.5774146,1752
OAS-M,-233.56,SSP3,2020,61.27575788,14878.86495,298.5295498,732
OAS-M,-233.56,SSP3,2030,69.11247536,19323.19913,315.2029139,871
OAS-M,-233.56,SSP3,2040,75.73670654,22663.19342,327.7332364,993
OAS-M,-233.56,SSP3,2050,81.31037267,25508.24288,338.406724,1101
OAS-M,-233.56,SSP3,2060,86.64416783,28289.38355,348.8404513,1209
OAS-M,-233.56,SSP3,2070,91.60258077,31205.16289,359.7792891,1318
OAS-M,-233.56,SSP3,2080,96.47358904,34269.15481,371.2741612,1433
OAS-M,-233.56,SSP3,2090,101.6105238,37097.08569,381.8834267,1552
OAS-M,-233.56,SSP3,2100,106.8743739,39786.5856,391.9733545,1676
PAK,-399.52,SSP3,2020,89.65612964,2654.078536,86.70704103,311
PAK,-399.52,SSP3,2030,114.7644043,3252.637669,88.95259548,408
PAK,-399.52,SSP3,2040,142.2951141,3899.405561,91.3790099,520
PAK,-399.52,SSP3,2050,173.8638389,4614.983739,94.063573,654
PAK,-399.52,SSP3,2060,207.160433,5448.080742,97.18901971,805
PAK,-399.52,SSP3,2070,240.8349033,6520.116355,101.2108685,975
PAK,-399.52,SSP3,2080,276.2537456,7765.206387,105.8819483,1170
PAK,-399.52,SSP3,2090,312.6771106,9115.779436,110.9487581,1388
PAK,-399.52,SSP3,2100,348.6743931,10651.06476,116.7085346,1628
RUS,-292.05,SSP3,2020,105.5975168,20555.38267,261.3355736,1104
RUS,-292.05,SSP3,2030,104.6158731,27320.59904,286.7159594,1200
RUS,-292.05,SSP3,2040,103.7807356,32973.25923,307.9224793,1278
RUS,-292.05,SSP3,2050,104.3583707,35143.05572,316.0626878,1319
RUS,-292.05,SSP3,2060,105.7873763,36827.26743,322.3811765,1364
RUS,-292.05,SSP3,2070,108.2363797,39891.29981,333.8762004,1446
RUS,-292.05,SSP3,2080,112.1748246,42565.90151,343.9102361,1543
RUS,-292.05,SSP3,2090,116.7572094,44644.39703,351.7079199,1643
RUS,-292.05,SSP3,2100,121.3214354,46642.06833,359.2023836,1743
SAF,-81.077,SSP3,2020,34.36784712,12898.80444,443.5841547,610
SAF,-81.077,SSP3,2030,37.17382098,16380.58075,456.6463867,679
SAF,-81.077,SSP3,2040,39.51672857,18902.13741,466.1062587,737
SAF,-81.077,SSP3,2050,41.63712301,20898.72708,473.5966645,789
SAF,-81.077,SSP3,2060,43.55433878,22870.73864,480.9948631,838
SAF,-81.077,SSP3,2070,45.33446123,24987.93428,488.9377342,887
SAF,-81.077,SSP3,2080,47.01075703,27106.90698,496.8872722,934
SAF,-81.077,SSP3,2090,48.7086677,29060.65853,504.2169665,982
SAF,-81.077,SSP3,2100,50.34897904,30939.22773,511.2646067,1030
SSA-L,-282.8,SSP3,2020,372.6308202,1915.098552,200.6546837,2991
SSA-L,-282.8,SSP3,2030,500.6220744,2604.131769,203.2396607,4070
SSA-L,-282.8,SSP3,2040,650.1159301,3260.140616,205.7007435,5349
SSA-L,-282.8,SSP3,2050,817.4036901,4035.881671,208.6110137,6821
SSA-L,-282.8,SSP3,2060,991.514455,5036.167794,212.3636871,8422
SSA-L,-282.8,SSP3,2070,1165.474077,6326.730168,217.2053609,10126
SSA-L,-282.8,SSP3,2080,1337.677369,7903.563164,223.1210076,11939
SSA-L,-282.8,SSP3,2090,1504.288588,9725.841955,229.9574687,13837
SSA-L,-282.8,SSP3,2100,1663.172536,11776.12664,237.6493167,15810
SSA-M,-222.28,SSP3,2020,20.64674862,8971.851133,287.6487967,238
SSA-M,-222.28,SSP3,2030,26.96145074,9234.804845,288.6352939,311
SSA-M,-222.28,SSP3,2040,33.42782111,8553.372522,286.0788324,383
SSA-M,-222.28,SSP3,2050,40.09919335,8293.896994,285.105384,457
SSA-M,-222.28,SSP3,2060,46.48067103,8683.830443,286.5682583,533
SSA-M,-222.28,SSP3,2070,52.22104338,9594.95109,289.9864185,606
SSA-M,-222.28,SSP3,2080,57.39390108,10871.21495,294.77445,677
SSA-M,-222.28,SSP3,2090,61.90467962,12394.90341,300.4907196,744
SSA-M,-222.28,SSP3,2100,65.60038725,14181.80406,307.1944561,806
TUR,-348.59,SSP3,2020,58.18383373,17321.62841,192.6638211,448
TUR,-348.59,SSP3,2030,65.60701336,20581.0687,204.8919373,538
TUR,-348.59,SSP3,2040,72.11142037,22716.8472,212.904524,614
TUR,-348.59,SSP3,2050,78.31034785,24391.84474,219.1884447,687
TUR,-348.59,SSP3,2060,84.0479813,25919.82004,224.9207969,756
TUR,-348.59,SSP3,2070,89.40876408,27530.58517,230.9637433,826
TUR,-348.59,SSP3,2080,95.11745391,29062.81489,236.7120563,901
TUR,-348.59,SSP3,2090,101.2538695,30302.46098,241.3627126,978
TUR,-348.59,SSP3,2100,107.6550966,31406.00036,245.5027509,1057
USA,-32.744,SSP3,2020,283.4030724,50280.49574,632.1583078,7166
USA,-32.744,SSP3,2030,298.8806138,57356.9241,658.7062365,7875
USA,-32.744,SSP3,2040,307.2720975,62523.56759,678.0894162,8334
USA,-32.744,SSP3,2050,308.9375178,66827.20572,694.234945,8579
USA,-32.744,SSP3,2060,306.3261314,70402.65601,707.6486043,8671
USA,-32.744,SSP3,2070,300.2062135,73423.49049,718.9815669,8634
USA,-32.744,SSP3,2080,289.4604528,75403.16736,726.4085227,8411
USA,-32.744,SSP3,2090,274.4692834,77292.42127,733.4962476,8053
USA,-32.744,SSP3,2100,256.7490705,79406.67147,741.4280687,7614
AUNZ,0,SSP4,2020,27.67412741,40605.41097,628.6052598,696
AUNZ,0,SSP4,2030,31.3404482,48028.18069,656.4525227,823
AUNZ,0,SSP4,2040,34.54937949,57073.88204,690.3883759,954
AUNZ,0,SSP4,2050,37.33313092,66663.22454,726.3637532,1085
AUNZ,0,SSP4,2060,39.55951834,76595.32049,763.6250044,1208
AUNZ,0,SSP4,2070,40.90307887,88313.84187,807.5882092,1321
AUNZ,0,SSP4,2080,41.24979939,100628.5955,853.7882389,1409
AUNZ,0,SSP4,2090,40.52404459,114031.5178,904.0706422,1465
AUNZ,0,SSP4,2100,38.70209773,129739.5031,963.0007197,1491
BRA,-345.58,SSP4,2020,185.5079457,13344.92648,180.7548262,1341
BRA,-345.58,SSP4,2030,196.0568147,16996.93974,194.4557191,1525
BRA,-345.58,SSP4,2040,200.0367316,20739.01303,208.4944813,1668
BRA,-345.58,SSP4,2050,197.7637281,24847.79354,223.9089822,1771
BRA,-345.58,SSP4,2060,189.8219176,29754.35796,242.3164493,1840
BRA,-345.58,SSP4,2080,161.7503432,42137.39587,288.7726543,1868
BRA,-345.58,SSP4,2090,144.6234558,50105.79053,318.6668837,1843
BRA,-345.58,SSP4,2100,127.5196209,59799.97092,355.0355709,1811
BRA,-345.58,SSP4,2070,177.3799467,35385.15949,263.4409643,1869
CAN,-182.6,SSP4,2020,31.44068449,40582.85524,445.9206397,561
CAN,-182.6,SSP4,2030,35.05636392,45585.56348,464.6888,652
CAN,-182.6,SSP4,2090,42.52425141,98264.86735,662.3204763,1127
CAN,-182.6,SSP4,2100,40.36359573,112175.8296,714.5088425,1154
CAN,-182.6,SSP4,2060,42.37212431,67100.6116,545.4046545,924
CAN,-182.6,SSP4,2070,43.46046788,76279.05208,579.8384918,1008
CAN,-182.6,SSP4,2080,43.5449057,86611.65234,618.6022749,1077
CAN,-182.6,SSP4,2040,38.042717,52864.70393,491.9972233,749
CAN,-182.6,SSP4,2050,40.48537571,59964.61984,518.6332678,840
CAS,-242.64,SSP4,2030,52.65940759,13900.35699,285.7785793,602
CAS,-242.64,SSP4,2040,59.21003018,19425.03533,306.5049626,726
CAS,-242.64,SSP4,2050,63.30514419,24025.41233,323.7637369,820
CAS,-242.64,SSP4,2060,64.7803662,28077.3739,338.9650759,878
CAS,-242.64,SSP4,2070,64.22544289,33032.91025,357.5562661,919
CAS,-242.64,SSP4,2080,62.0582783,38005.64319,376.211971,934
CAS,-242.64,SSP4,2090,58.9277258,43400.46185,396.4511727,934
CAS,-242.64,SSP4,2100,55.39802165,49269.64186,418.4699884,927
CAS,-242.64,SSP4,2020,44.26478651,8943.292517,267.1816562,473
CHN,-304.13,SSP4,2020,810.2297991,15045.74083,228.5856013,7408
CHN,-304.13,SSP4,2030,926.9746395,25135.33477,266.4377219,9879
CHN,-304.13,SSP4,2040,977.0376393,34388.80897,301.1530558,11770
CHN,-304.13,SSP4,2050,965.0370313,43024.12566,333.5493098,12875
CHN,-304.13,SSP4,2060,905.8048614,50694.85862,362.3268316,13128
CHN,-304.13,SSP4,2070,819.6079028,58392.11926,391.2038746,12825
CHN,-304.13,SSP4,2080,720.9654455,65983.14397,419.6823629,12103
CHN,-304.13,SSP4,2090,619.7884358,74237.74687,450.6503312,11172
CHN,-304.13,SSP4,2100,528.355542,83137.65694,484.0392338,10230
EEU,-218.6,SSP4,2020,14.90443412,11293.10513,300.0372132,179
EEU,-218.6,SSP4,2030,16.25832948,14701.74904,312.8250817,203
EEU,-218.6,SSP4,2040,17.15537537,18553.3301,327.2746732,225
EEU,-218.6,SSP4,2050,17.55577753,22394.19515,341.6840625,240
EEU,-218.6,SSP4,2060,17.4938734,26681.96137,357.7700463,250
EEU,-218.6,SSP4,2070,16.83771082,31522.41618,375.9294965,253
EEU,-218.6,SSP4,2080,15.66334803,36715.8633,395.4132328,248
EEU,-218.6,SSP4,2090,14.20902488,42371.0151,416.6291003,237
EEU,-218.6,SSP4,2100,12.63711216,48729.74112,440.4844968,223
EEU-FSU,-133.56,SSP4,2020,41.2144208,10566.96655,382.3530317,630
EEU-FSU,-133.56,SSP4,2030,41.26040546,15596.68143,401.2225101,662
EEU-FSU,-133.56,SSP4,2040,40.73686532,21651.58214,423.9380756,691
EEU-FSU,-133.56,SSP4,2050,39.62910187,28056.12778,447.965369,710
EEU-FSU,-133.56,SSP4,2060,38.05765747,35757.0861,476.8562842,726
EEU-FSU,-133.56,SSP4,2070,35.91423973,45095.67466,511.890933,735
EEU-FSU,-133.56,SSP4,2080,33.25877101,54635.87087,547.6819332,729
EEU-FSU,-133.56,SSP4,2090,30.36314421,65032.96197,586.6876601,713
EEU-FSU,-133.56,SSP4,2100,27.3704159,76507.24847,629.7345934,689
EFTA,-207.35,SSP4,2020,11.06647123,47547.50353,447.2992143,198
EFTA,-207.35,SSP4,2030,12.15483617,54549.36427,473.567395,230
EFTA,-207.35,SSP4,2040,13.05423112,63028.29812,505.3769632,264
EFTA,-207.35,SSP4,2050,13.74218217,71330.60477,536.5238968,295
EFTA,-207.35,SSP4,2060,14.19718207,80794.94275,572.0303072,325
EFTA,-207.35,SSP4,2070,14.35187,92030.98663,614.1834494,353
EFTA,-207.35,SSP4,2080,14.23371156,104122.6712,659.5466133,376
EFTA,-207.35,SSP4,2090,13.82529097,117527.381,709.8357227,393
EFTA,-207.35,SSP4,2100,13.0979154,133207.9931,768.6631069,403
EU12-H,-183.71,SSP4,2020,47.57425115,24506.30576,384.4978567,732
EU12-H,-183.71,SSP4,2030,49.63948367,32461.36268,414.3420482,823
EU12-H,-183.71,SSP4,2040,50.19054998,41437.89523,448.0184077,899
EU12-H,-183.71,SSP4,2050,49.85278294,49279.84794,477.4382775,952
EU12-H,-183.71,SSP4,2060,48.65581868,57413.56843,507.9527433,989
EU12-H,-183.71,SSP4,2070,46.25005112,67660.20619,546.3940296,1011
EU12-H,-183.71,SSP4,2080,43.06216985,78399.9158,586.6851241,1011
EU12-H,-183.71,SSP4,2090,39.81284426,89642.45317,628.8626273,1001
EU12-H,-183.71,SSP4,2100,36.67491453,102364.5785,676.5909528,993
EU12-M,-169.08,SSP4,2020,22.88488366,16023.08474,367.3022047,336
EU12-M,-169.08,SSP4,2030,23.53583191,21990.74025,389.6904611,367
EU12-M,-169.08,SSP4,2040,23.52014301,28079.27754,412.5322176,388
EU12-M,-169.08,SSP4,2050,22.85451507,34130.00845,435.2321397,398
EU12-M,-169.08,SSP4,2060,21.53071933,41188.19902,461.7116475,398
EU12-M,-169.08,SSP4,2070,19.67892283,49860.09651,494.2451381,389
EU12-M,-169.08,SSP4,2080,17.65295333,58848.90806,527.9675635,373
EU12-M,-169.08,SSP4,2090,15.74201813,68401.52684,563.8051681,355
EU12-M,-169.08,SSP4,2100,13.99494747,78964.15074,603.4319079,338
EU15,-229.9,SSP4,2020,328.1931424,34455.59269,375.6336015,4931
EU15,-229.9,SSP4,2030,344.8628569,39960.78387,396.2868767,5467
EU15,-229.9,SSP4,2040,356.8356995,47071.80127,422.9645696,6037
EU15,-229.9,SSP4,2050,363.0770714,54779.13538,451.8794043,6563
EU15,-229.9,SSP4,2060,362.7689023,63415.20143,484.2784697,7027
EU15,-229.9,SSP4,2070,356.7161582,73318.19086,521.4305248,7440
EU15,-229.9,SSP4,2100,312.219981,108313.5985,652.7192962,8152
EU15,-229.9,SSP4,2080,346.4394451,83527.96461,559.733512,7757
EU15,-229.9,SSP4,2090,331.7324587,94927.29977,602.4992578,7995
IDN,-251.72,SSP4,2020,139.6307294,6694.803615,249.6662252,1394
IDN,-251.72,SSP4,2070,186.0812118,38923.9274,370.577006,2758
IDN,-251.72,SSP4,2080,172.082623,48089.89674,404.9640566,2787
IDN,-251.72,SSP4,2090,154.9939302,58649.25601,444.5785488,2756
IDN,-251.72,SSP4,2100,136.7585598,70860.91814,490.3918205,2683
IDN,-251.72,SSP4,2060,194.664026,30607.8022,339.3782307,2643
IDN,-251.72,SSP4,2030,167.0539642,11128.70436,266.3004473,1779
IDN,-251.72,SSP4,2040,186.1355217,16675.59358,287.1101569,2138
IDN,-251.72,SSP4,2050,195.3018765,23151.59642,311.4055291,2433
IND,-408.86,SSP4,2030,734.6931525,7863.032946,96.9089544,2848
IND,-408.86,SSP4,2040,918.1804903,11186.69004,109.3779864,4017
IND,-408.86,SSP4,2050,1071.673984,14890.27855,123.272369,5284
IND,-408.86,SSP4,2060,1173.72542,19111.55426,139.108907,6531
IND,-408.86,SSP4,2070,1215.37447,23886.96151,157.0243248,7634
IND,-408.86,SSP4,2080,1200.889474,29131.02049,176.6979365,8488
IND,-408.86,SSP4,2090,1143.597543,35038.13282,198.8590591,9097
IND,-408.86,SSP4,2100,1059.201517,41766.51796,224.1012688,9495
IND,-408.86,SSP4,2020,543.9144718,5014.365879,86.22189503,1876
JPN,-270.42,SSP4,2020,87.75440298,34704.73071,336.0482677,1180
JPN,-270.42,SSP4,2030,87.80820281,41636.5287,362.0536011,1272
JPN,-270.42,SSP4,2040,85.88952519,50168.29642,394.0613809,1354
JPN,-270.42,SSP4,2050,82.52622234,59452.69384,428.8927262,1416
JPN,-270.42,SSP4,2060,78.15029616,69877.00599,468.0005757,1463
JPN,-270.42,SSP4,2070,72.47397963,81392.45768,511.2019442,1482
JPN,-270.42,SSP4,2080,66.0288172,93246.85235,555.6748913,1468
JPN,-270.42,SSP4,2090,59.0153536,106809.6045,606.5569121,1432
JPN,-270.42,SSP4,2100,51.94736867,122334.225,664.7990786,1381
KOR,-421.01,SSP4,2020,42.06703897,38958.40248,201.4163427,339
KOR,-421.01,SSP4,2030,42.98788913,53145.15501,254.6393635,438
KOR,-421.01,SSP4,2040,42.54400026,66874.73472,306.1472548,521
KOR,-421.01,SSP4,2050,40.55166807,80061.02545,355.6169431,577
KOR,-421.01,SSP4,2060,37.42385232,93738.85587,406.9306917,609
KOR,-421.01,SSP4,2070,33.79324681,107974.4625,460.3369934,622
KOR,-421.01,SSP4,2080,30.08731465,123111.1152,517.1236596,622
KOR,-421.01,SSP4,2090,26.53732278,139375.0362,578.1393857,614
KOR,-421.01,SSP4,2100,23.23825783,156651.7853,642.9548376,598
LAM-L,-322.07,SSP4,2020,27.88951042,3642.163237,167.8639396,187
LAM-L,-322.07,SSP4,2030,36.49925402,4526.822085,171.1828257,250
LAM-L,-322.07,SSP4,2040,44.96967184,5338.676061,174.2285771,313
LAM-L,-322.07,SSP4,2050,53.23395051,6177.415911,177.3751935,378
LAM-L,-322.07,SSP4,2060,60.92164333,7069.079318,180.720358,440
LAM-L,-322.07,SSP4,2070,68.18508697,8033.441723,184.33826,503
LAM-L,-322.07,SSP4,2080,75.17443735,9081.81464,188.2713358,566
LAM-L,-322.07,SSP4,2090,81.94180439,10198.73004,192.4615556,631
LAM-L,-322.07,SSP4,2100,88.48565766,11437.70036,197.1096767,698
LAM-M,-348.7,SSP4,2020,219.1953582,13516.38563,178.2780723,1563
LAM-M,-348.7,SSP4,2030,242.3039832,17478.50307,193.1423521,1872
LAM-M,-348.7,SSP4,2040,257.2329581,21913.51364,209.7807378,2159
LAM-M,-348.7,SSP4,2050,264.1674528,26783.85977,228.0523283,2410
LAM-M,-348.7,SSP4,2060,263.9863531,32411.40665,249.1646332,2631
LAM-M,-348.7,SSP4,2070,258.3883105,38752.9015,272.9553853,2821
LAM-M,-348.7,SSP4,2080,248.6858555,45786.3174,299.3419484,2978
LAM-M,-348.7,SSP4,2090,236.254622,53780.87109,329.334316,3112
LAM-M,-348.7,SSP4,2100,222.4337907,62938.06289,363.6884367,3236
MEA-H,-345.62,SSP4,2020,58.12287745,35455.33806,263.6642463,613
MEA-H,-345.62,SSP4,2030,72.14194979,44039.5822,295.8688966,854
MEA-H,-345.62,SSP4,2040,85.8516525,53407.16322,331.0123135,1137
MEA-H,-345.62,SSP4,2050,98.74942323,59586.95874,354.1964344,1399
MEA-H,-345.62,SSP4,2060,110.4211309,64024.8454,370.84561,1638
MEA-H,-345.62,SSP4,2070,120.1739516,68996.01013,389.4954316,1872
MEA-H,-345.62,SSP4,2080,128.0637837,74923.05042,411.7313159,2109
MEA-H,-345.62,SSP4,2090,134.1525626,82214.13261,439.0845399,2356
MEA-H,-345.62,SSP4,2100,137.9846824,91102.93047,472.431754,2608
MEA-M,-367.21,SSP4,2020,140.2212792,8121.595383,139.5289772,783
MEA-M,-367.21,SSP4,2030,178.1137167,10200.94645,147.3298707,1050
MEA-M,-367.21,SSP4,2040,216.5047281,12828.9033,157.1889136,1361
MEA-M,-367.21,SSP4,2050,255.2244666,15016.82023,165.3971028,1689
MEA-M,-367.21,SSP4,2060,292.1952287,16882.23855,172.3954062,2015
MEA-M,-367.21,SSP4,2070,326.3427405,19041.29129,180.4953084,2356
MEA-M,-367.21,SSP4,2080,358.7096331,21602.03788,190.1022053,2728
MEA-M,-367.21,SSP4,2090,390.414233,24692.39587,201.6959923,3150
MEA-M,-367.21,SSP4,2100,421.8583591,28485.16465,215.9249437,3644
MEX,-358.88,SSP4,2020,105.7478923,15609.18014,175.9494002,744
MEX,-358.88,SSP4,2030,118.2917334,19623.7694,191.0105333,904
MEX,-358.88,SSP4,2040,125.7868391,24618.02459,209.7469811,1055
MEX,-358.88,SSP4,2050,128.2895984,30491.29425,231.7811395,1189
MEX,-358.88,SSP4,2060,126.6692319,37785.87314,259.1474817,1313
MEX,-358.88,SSP4,2070,122.5905392,46309.74167,291.1256269,1428
MEX,-358.88,SSP4,2080,116.8376478,55933.43054,327.229858,1529
MEX,-358.88,SSP4,2090,109.7487948,66990.87582,368.7129697,1619
MEX,-358.88,SSP4,2100,101.7697727,79702.6138,416.4023259,1695
NAF,-321.86,SSP4,2020,116.0555338,8540.902964,186.4520516,866
NAF,-321.86,SSP4,2030,139.3060786,12425.07334,201.0239051,1120
NAF,-321.86,SSP4,2040,157.9693799,16894.02698,217.7896316,1376
NAF,-321.86,SSP4,2050,170.8716762,21702.22889,235.8280819,1612
NAF,-321.86,SSP4,2060,176.9394119,27484.60107,257.5212294,1823
NAF,-321.86,SSP4,2070,176.6757153,34349.43073,283.2753243,2002
NAF,-321.86,SSP4,2080,171.4038893,41820.56388,311.3040275,2134
NAF,-321.86,SSP4,2090,163.0748542,50149.4904,342.5508282,2234
NAF,-321.86,SSP4,2100,152.8622631,59553.71565,377.8317196,2310
OAS-CPA,-342.72,SSP4,2020,48.21824923,4778.026911,151.4752458,292
OAS-CPA,-342.72,SSP4,2030,63.16600991,7549.961403,161.8744352,409
OAS-CPA,-342.72,SSP4,2040,76.05962122,10768.50077,173.9491075,529
OAS-CPA,-342.72,SSP4,2050,85.2099579,14513.83633,188.0001084,641
OAS-CPA,-342.72,SSP4,2060,89.6747668,18637.55962,203.4706687,730
OAS-CPA,-342.72,SSP4,2070,89.94340792,23503.31527,221.7250376,798
OAS-CPA,-342.72,SSP4,2080,86.90962071,28509.70636,240.5070144,836
OAS-CPA,-342.72,SSP4,2090,81.8572902,33772.88953,260.2523724,852
OAS-CPA,-342.72,SSP4,2100,76.17739034,39437.45667,281.5035625,858
OAS-L,-405.44,SSP4,2020,161.4533356,3110.348391,82.49878303,533
OAS-L,-405.44,SSP4,2030,218.7633578,4128.47853,86.31840005,755
OAS-L,-405.44,SSP4,2040,275.0237209,4745.418631,88.63291253,975
OAS-L,-405.44,SSP4,2050,326.2970507,5302.504939,90.72287753,1184
OAS-L,-405.44,SSP4,2060,369.2487673,5892.373911,92.93582996,1373
OAS-L,-405.44,SSP4,2070,403.0623878,6556.654972,95.42794679,1539
OAS-L,-405.44,SSP4,2080,429.1152183,7330.527152,98.33120566,1688
OAS-L,-405.44,SSP4,2090,449.1842522,8195.458877,101.5760835,1825
OAS-L,-405.44,SSP4,2100,464.9079221,9198.633501,105.3395934,1959
OAS-M,-233.56,SSP4,2020,69.0006427,15018.47788,299.0533216,825
OAS-M,-233.56,SSP4,2030,83.03024671,21055.76429,321.7028053,1068
OAS-M,-233.56,SSP4,2040,94.05666426,27598.4104,346.2481965,1303
OAS-M,-233.56,SSP4,2050,100.9104052,34482.42145,372.0742523,1502
OAS-M,-233.56,SSP4,2060,103.81346,42231.4117,401.1453641,1666
OAS-M,-233.56,SSP4,2070,103.0509919,50570.09296,432.4287607,1782
OAS-M,-233.56,SSP4,2080,99.08057006,59449.70693,465.7415205,1846
OAS-M,-233.56,SSP4,2090,92.84852571,69098.66869,501.9405655,1864
OAS-M,-233.56,SSP4,2100,85.28501656,79542.79155,541.1227368,1846
PAK,-399.52,SSP4,2020,109.0782636,2651.190601,86.69620666,378
PAK,-399.52,SSP4,2030,161.2593416,3200.872572,88.75839354,573
PAK,-399.52,SSP4,2040,221.3660364,3687.849869,90.58533757,802
PAK,-399.52,SSP4,2050,289.3429051,4167.484553,92.38473505,1069
PAK,-399.52,SSP4,2060,359.1026371,4689.560279,94.34335434,1355
PAK,-399.52,SSP4,2070,426.9936677,5339.199899,96.78054234,1653
PAK,-399.52,SSP4,2080,494.6723348,6055.837429,99.4690797,1968
PAK,-399.52,SSP4,2090,560.3186982,6805.889339,102.2829744,2292
PAK,-399.52,SSP4,2100,621.2729191,7672.913785,105.5357034,2623
RUS,-292.05,SSP4,2020,113.1658221,20664.48898,261.7448968,1185
RUS,-292.05,SSP4,2030,115.5991994,29240.30459,293.9179267,1359
RUS,-292.05,SSP4,2040,115.4606981,38895.02214,330.138565,1525
RUS,-292.05,SSP4,2050,113.5158106,46095.74637,357.1528021,1622
RUS,-292.05,SSP4,2060,110.0793026,53456.07862,384.7658246,1694
RUS,-292.05,SSP4,2070,105.0328442,62139.38294,417.342109,1753
RUS,-292.05,SSP4,2080,98.47736619,70127.62099,447.3107829,1762
RUS,-292.05,SSP4,2090,91.029166,78466.95762,478.5966382,1743
RUS,-292.05,SSP4,2100,83.00780959,87557.84788,512.7020221,1702
SAF,-81.077,SSP4,2020,37.25846307,12930.48,443.7029888,661
SAF,-81.077,SSP4,2030,42.43323926,17444.20968,460.636697,782
SAF,-81.077,SSP4,2040,45.98261486,22369.10069,479.1129182,881
SAF,-81.077,SSP4,2050,47.83199513,27539.0579,498.5085296,954
SAF,-81.077,SSP4,2060,48.24715578,33221.88379,519.8282192,1003
SAF,-81.077,SSP4,2070,47.14553282,39556.96741,543.5949189,1025
SAF,-81.077,SSP4,2080,44.68370787,46627.22177,570.1196852,1019
SAF,-81.077,SSP4,2090,41.34208412,54462.22808,599.5134949,991
SAF,-81.077,SSP4,2100,37.41033847,63252.10862,632.4896107,946
SSA-L,-282.8,SSP4,2020,441.3788122,1911.393407,200.6407835,3542
SSA-L,-282.8,SSP4,2030,676.2297379,2528.06639,202.9542939,5490
SSA-L,-282.8,SSP4,2040,968.4757114,2988.822168,204.6828652,7929
SSA-L,-282.8,SSP4,2050,1307.427806,3470.842343,206.4912121,10799
SSA-L,-282.8,SSP4,2060,1667.034701,4061.358735,208.7065934,13917
SSA-L,-282.8,SSP4,2070,2026.680731,4786.994108,211.4288871,17140
SSA-L,-282.8,SSP4,2080,2376.633195,5634.420164,214.6080907,20402
SSA-L,-282.8,SSP4,2090,2703.696378,6582.102223,218.1634147,23594
SSA-L,-282.8,SSP4,2100,3000.043328,7638.014114,222.1247737,26655
SSA-M,-222.28,SSP4,2020,22.46128348,8973.719949,287.6558078,258
SSA-M,-222.28,SSP4,2030,31.46488869,9506.230958,289.6535761,365
SSA-M,-222.28,SSP4,2040,41.15881185,9550.916593,289.8212187,477
SSA-M,-222.28,SSP4,2050,51.31934909,10321.35546,292.7115971,601
SSA-M,-222.28,SSP4,2060,61.08030556,12219.05327,299.8310002,733
SSA-M,-222.28,SSP4,2070,69.72400197,15311.74168,311.4335301,869
SSA-M,-222.28,SSP4,2080,77.20533242,19589.43069,327.4817082,1011
SSA-M,-222.28,SSP4,2090,83.34742123,24975.3591,347.6875572,1159
SSA-M,-222.28,SSP4,2100,87.95203038,31565.90034,372.4126317,1310
TUR,-348.59,SSP4,2020,61.11021231,17409.83273,192.9947285,472
TUR,-348.59,SSP4,2030,69.61656615,22042.34303,210.3740541,586
TUR,-348.59,SSP4,2040,75.77230379,26649.61605,227.6586996,690
TUR,-348.59,SSP4,2050,79.4254719,31311.99819,245.1500924,779
TUR,-348.59,SSP4,2060,80.55889621,36331.12041,263.9798313,851
TUR,-348.59,SSP4,2070,79.54007092,41774.83094,284.4024558,905
TUR,-348.59,SSP4,2080,76.89977167,47548.2594,306.0620499,941
TUR,-348.59,SSP4,2090,73.25885851,53825.33049,329.6111099,966
TUR,-348.59,SSP4,2100,69.01394149,60970.88815,356.418384,984
USA,-32.744,SSP4,2020,287.4073658,50551.32295,633.1743432,7279
USA,-32.744,SSP4,2030,312.8639205,60611.10697,670.9146289,8396
USA,-32.744,SSP4,2040,333.7584702,69831.64146,705.5063861,9419
USA,-32.744,SSP4,2050,349.0760719,77378.76899,733.8201897,10246
USA,-32.744,SSP4,2060,360.9193284,84568.71822,760.7940033,10983
USA,-32.744,SSP4,2070,368.7628655,92446.43805,790.348057,11658
USA,-32.744,SSP4,2080,370.1769741,100710.5051,821.3515309,12162
USA,-32.744,SSP4,2090,364.7591325,110276.9394,857.2409657,12507
USA,-32.744,SSP4,2100,354.0839949,121292.1414,898.5655975,12727
AUNZ,0,SSP5,2020,28.73442668,40645.14408,628.7543225,723
AUNZ,0,SSP5,2060,55.37687332,88085.20345,806.7304493,1787
AUNZ,0,SSP5,2070,61.97969842,105872.9285,873.4628787,2165
AUNZ,0,SSP5,2080,67.57757729,126882.6342,952.2828904,2574
AUNZ,0,SSP5,2090,71.61535659,151452.2845,1044.458391,2992
AUNZ,0,SSP5,2100,74.20509555,181072.2995,1155.580839,3430
AUNZ,0,SSP5,2050,48.14630057,74092.49116,754.2353898,1453
AUNZ,0,SSP5,2030,34.84661427,49166.60976,660.7234532,921
AUNZ,0,SSP5,2040,41.21024932,61137.23186,705.632439,1163
BRA,-345.58,SSP5,2090,149.911389,111699.2036,549.7407322,3296
BRA,-345.58,SSP5,2080,165.9740374,89924.54443,468.0509209,3107
BRA,-345.58,SSP5,2100,131.3451361,138466.464,650.1607864,3416
BRA,-345.58,SSP5,2030,193.9875466,19714.4294,204.6506533,1588
BRA,-345.58,SSP5,2040,197.8226443,29589.3779,241.6975101,1913
BRA,-345.58,SSP5,2050,196.3643854,41617.54195,286.8223704,2253
BRA,-345.58,SSP5,2060,189.8816443,55711.24869,339.6963206,2580
BRA,-345.58,SSP5,2070,179.3976515,71553.53363,399.1302368,2864
BRA,-345.58,SSP5,2020,184.5062558,13464.39291,181.2030165,1337
CAN,-182.6,SSP5,2020,32.59905941,40542.50745,445.769271,581
CAN,-182.6,SSP5,2030,39.05686333,46867.56773,469.4983671,733
CAN,-182.6,SSP5,2040,45.83288924,58580.10514,513.4391224,941
CAN,-182.6,SSP5,2050,53.38119569,71165.7434,560.6554029,1197
CAN,-182.6,SSP5,2060,61.48889663,83536.41029,607.0651968,1493
CAN,-182.6,SSP5,2070,69.22068227,98744.34839,664.1192974,1839
CAN,-182.6,SSP5,2080,76.08948048,116926.1561,732.3301674,2229
CAN,-182.6,SSP5,2090,81.36738675,138323.8673,812.6058207,2645
CAN,-182.6,SSP5,2100,84.8913404,164515.6029,910.8667357,3093
CAS,-242.64,SSP5,2020,43.85646237,9101.1631,267.7739235,470
CAS,-242.64,SSP5,2030,51.23730429,16100.16948,294.0313958,603
CAS,-242.64,SSP5,2040,56.64132828,25921.35726,330.8765639,750
CAS,-242.64,SSP5,2050,59.41980077,35532.16493,366.9324699,872
CAS,-242.64,SSP5,2060,59.65528247,44986.99518,402.4032111,960
CAS,-242.64,SSP5,2070,58.20869591,56485.82586,445.5422243,1037
CAS,-242.64,SSP5,2080,55.39379484,68783.359,491.6776496,1089
CAS,-242.64,SSP5,2090,51.67721835,83322.63191,546.2231859,1129
CAS,-242.64,SSP5,2100,47.71583149,100572.1569,610.9365039,1166
CHN,-304.13,SSP5,2070,891.3987459,99518.01202,545.4917739,19450
CHN,-304.13,SSP5,2080,807.6782774,114099.1034,600.1941965,19391
CHN,-304.13,SSP5,2090,713.7562486,130707.0417,662.5005378,18915
CHN,-304.13,SSP5,2100,613.1736181,150962.282,738.490097,18113
CHN,-304.13,SSP5,2020,811.6435041,15401.60855,229.9206746,7465
CHN,-304.13,SSP5,2030,933.7805188,31642.16659,290.8487522,10864
CHN,-304.13,SSP5,2040,995.250232,51706.59279,366.1224535,14575
CHN,-304.13,SSP5,2050,999.7040062,69786.15681,433.9497459,17353
CHN,-304.13,SSP5,2060,960.0170624,84862.75617,490.511116,18836
EEU,-218.6,SSP5,2020,15.02209062,11404.14978,300.4538083,181
EEU,-218.6,SSP5,2030,16.65516911,16443.05027,319.3577474,213
EEU,-218.6,SSP5,2040,17.99486472,23622.11128,346.2907127,249
EEU,-218.6,SSP5,2050,18.91003524,31142.22791,374.5031822,283
EEU,-218.6,SSP5,2060,19.26820194,39273.5533,405.0086626,312
EEU,-218.6,SSP5,2070,18.9021063,48220.94885,438.5757117,332
EEU,-218.6,SSP5,2080,17.85334399,57714.22589,474.1906899,339
EEU,-218.6,SSP5,2090,16.20651071,68956.5406,516.3673577,335
EEU,-218.6,SSP5,2100,14.12153881,83148.59174,569.6102568,322
EEU-FSU,-133.56,SSP5,2020,41.36428517,10741.50084,383.0078146,634
EEU-FSU,-133.56,SSP5,2030,42.03045392,18686.61374,412.8147001,694
EEU-FSU,-133.56,SSP5,2040,42.47605426,30837.96069,458.4016933,779
EEU-FSU,-133.56,SSP5,2050,42.33725006,43890.8515,507.3709185,859
EEU-FSU,-133.56,SSP5,2060,41.57772568,58619.23626,562.6259268,936
EEU-FSU,-133.56,SSP5,2070,40.02818314,75718.45263,626.7753469,1004
EEU-FSU,-133.56,SSP5,2080,37.59376359,93481.20041,693.4140715,1043
EEU-FSU,-133.56,SSP5,2090,34.57026594,113863.8685,769.881689,1065
EEU-FSU,-133.56,SSP5,2100,31.20161785,137499.2098,858.5520356,1072
EFTA,-207.35,SSP5,2070,23.10605436,107686.6188,672.9171191,622
EFTA,-207.35,SSP5,2080,24.91399806,128503.7495,751.0146667,748
EFTA,-207.35,SSP5,2090,26.33135342,152856.0111,842.3746114,887
EFTA,-207.35,SSP5,2100,27.3543525,181776.6951,950.8734493,1040
EFTA,-207.35,SSP5,2020,11.81149706,47670.32777,447.7600017,212
EFTA,-207.35,SSP5,2030,14.00115999,55748.23389,478.0650743,268
EFTA,-207.35,SSP5,2040,16.21460378,66579.67573,518.7003115,336
EFTA,-207.35,SSP5,2050,18.53804544,77763.51479,560.6576021,416
EFTA,-207.35,SSP5,2060,20.95412711,90795.44031,609.5481739,511
EU12-H,-183.71,SSP5,2020,50.00719642,24624.43739,384.9410393,770
EU12-H,-183.71,SSP5,2030,55.6293416,33616.17606,418.6744461,932
EU12-H,-183.71,SSP5,2040,60.24886522,44405.73395,459.1525515,1107
EU12-H,-183.71,SSP5,2050,64.67041048,54379.43295,496.5698807,1285
EU12-H,-183.71,SSP5,2060,68.66792162,65409.55921,537.9505023,1478
EU12-H,-183.71,SSP5,2100,74.39858443,142112.2287,825.7082372,2457
EU12-H,-183.71,SSP5,2090,74.17133757,117673.0755,734.0223099,2178
EU12-H,-183.71,SSP5,2070,71.53087037,80147.3298,593.2407225,1697
EU12-H,-183.71,SSP5,2080,73.3642723,97509.80681,658.3777912,1932
EU12-M,-169.08,SSP5,2090,16.95059631,122492.5649,766.7331065,520
EU12-M,-169.08,SSP5,2080,19.041575,101313.9113,687.2792696,523
EU12-M,-169.08,SSP5,2100,14.76295953,147929.8824,862.1637467,509
EU12-M,-169.08,SSP5,2070,20.94530991,83069.71441,618.8343406,518
EU12-M,-169.08,SSP5,2030,23.62799368,25529.07179,402.9648657,381
EU12-M,-169.08,SSP5,2040,23.86446018,38348.88268,451.0596683,431
EU12-M,-169.08,SSP5,2050,23.50407602,51533.88587,500.5245262,471
EU12-M,-169.08,SSP5,2020,22.88263222,16206.08915,367.9887641,337
EU12-M,-169.08,SSP5,2060,22.5014451,65965.89366,554.6676466,499
EU15,-229.9,SSP5,2040,427.3448212,50315.13639,435.1322657,7438
EU15,-229.9,SSP5,2050,469.4601871,60981.35985,475.1476696,8923
EU15,-229.9,SSP5,2060,511.3970705,73427.22074,521.8395613,10675
EU15,-229.9,SSP5,2070,548.6200131,89125.84798,580.7345313,12744
EU15,-229.9,SSP5,2080,579.9227755,107894.7584,651.1479757,15105
EU15,-229.9,SSP5,2090,603.9471313,130121.9639,734.5355596,17745
EU15,-229.9,SSP5,2100,621.4360702,156717.5503,834.3115616,20739
EU15,-229.9,SSP5,2020,345.1192805,34487.6081,375.7537105,5187
EU15,-229.9,SSP5,2030,386.316029,40897.5181,399.8011289,6178
IDN,-251.72,SSP5,2020,139.8331222,6797.332262,250.0508717,1399
IDN,-251.72,SSP5,2030,168.0298701,13821.01744,276.400929,1858
IDN,-251.72,SSP5,2040,188.8675528,26459.77908,323.8165072,2446
IDN,-251.72,SSP5,2050,200.8738998,42847.51242,385.2967276,3096
IDN,-251.72,SSP5,2060,204.030882,62316.5321,458.3367018,3741
IDN,-251.72,SSP5,2070,199.8756686,84339.48676,540.9580185,4325
IDN,-251.72,SSP5,2080,190.3466044,108528.6727,631.7061684,4810
IDN,-251.72,SSP5,2090,177.2186691,135859.7367,734.2413883,5205
IDN,-251.72,SSP5,2100,161.9164913,166942.5972,850.8518478,5511
IND,-408.86,SSP5,2080,1167.058997,79777.66878,366.7039022,17119
IND,-408.86,SSP5,2090,1113.047567,101892.1666,449.668652,20020
IND,-408.86,SSP5,2100,1027.567744,127516.7374,545.8017922,22434
IND,-408.86,SSP5,2070,1176.189634,60897.62335,295.8735237,13920
IND,-408.86,SSP5,2020,537.7383265,5104.987109,86.56186964,1862
IND,-408.86,SSP5,2030,719.0447832,9879.296896,104.4731702,3005
IND,-408.86,SSP5,2040,892.3419488,18478.12268,136.7325251,4880
IND,-408.86,SSP5,2050,1035.567332,30057.05171,180.1720352,7463
IND,-408.86,SSP5,2060,1132.736959,44245.54509,233.401587,10575
JPN,-270.42,SSP5,2020,92.90939794,34767.21511,336.2826842,1250
JPN,-270.42,SSP5,2030,98.46732799,42928.70156,366.9013168,1445
JPN,-270.42,SSP5,2040,102.0085492,54156.56483,409.0237686,1669
JPN,-270.42,SSP5,2050,104.4652812,66703.22936,456.0938353,1906
JPN,-270.42,SSP5,2060,106.1549674,81410.94683,511.2713081,2171
JPN,-270.42,SSP5,2070,105.7844518,99412.20063,578.8048119,2449
JPN,-270.42,SSP5,2080,104.011232,120669.4613,658.553551,2740
JPN,-270.42,SSP5,2090,101.3431306,145544.3431,751.8741575,3048
JPN,-270.42,SSP5,2100,98.49730985,174222.7841,859.4641968,3386
KOR,-421.01,SSP5,2020,42.72772473,39150.56331,202.1372533,345
KOR,-421.01,SSP5,2030,45.17147643,54682.63041,260.4073562,471
KOR,-421.01,SSP5,2040,46.69696105,70550.5477,319.9374347,598
KOR,-421.01,SSP5,2050,47.19772597,86479.42281,379.6962026,717
KOR,-421.01,SSP5,2060,46.97714728,103735.4723,444.433998,835
KOR,-421.01,SSP5,2070,46.16668548,123425.19,518.3019427,957
KOR,-421.01,SSP5,2080,44.66366032,147487.9095,608.5756414,1087
KOR,-421.01,SSP5,2090,43.09107001,174823.4666,711.1277172,1226
KOR,-421.01,SSP5,2100,41.37559817,205762.9118,827.20014,1369
LAM-L,-322.07,SSP5,2070,35.73502526,54417.5721,358.3529635,512
LAM-L,-322.07,SSP5,2080,34.6338999,75839.8462,438.720767,608
LAM-L,-322.07,SSP5,2090,33.05172955,102170.2798,537.5020218,711
LAM-L,-322.07,SSP5,2100,31.04890512,134019.9731,656.9893309,816
LAM-L,-322.07,SSP5,2020,26.28019573,3771.448888,168.3489676,177
LAM-L,-322.07,SSP5,2030,31.12100996,6614.993295,179.0168088,223
LAM-L,-322.07,SSP5,2040,34.38792502,12819.07424,202.2920389,278
LAM-L,-322.07,SSP5,2050,36.02423943,22757.64883,239.5775953,345
LAM-L,-322.07,SSP5,2060,36.26748438,36720.09596,291.959112,424
LAM-M,-348.7,SSP5,2020,216.2578877,13705.1903,178.9863919,1548
LAM-M,-348.7,SSP5,2030,234.1613156,20469.0586,204.3617203,1914
LAM-M,-348.7,SSP5,2040,243.9684852,31180.17288,244.5455366,2386
LAM-M,-348.7,SSP5,2050,245.8807767,44214.21873,293.444063,2886
LAM-M,-348.7,SSP5,2060,241.2085566,59430.02018,350.5276637,3382
LAM-M,-348.7,SSP5,2070,232.0863393,76767.64376,415.5714923,3858
LAM-M,-348.7,SSP5,2080,219.4236779,96115.65717,488.1574994,4285
LAM-M,-348.7,SSP5,2090,202.9827775,118983.6561,573.9490841,4660
LAM-M,-348.7,SSP5,2100,182.9279981,146481.2543,677.1090738,4954
MEA-H,-345.62,SSP5,2020,59.01127722,35881.92507,265.2646301,626
MEA-H,-345.62,SSP5,2030,74.04570711,47420.69485,308.5534788,914
MEA-H,-345.62,SSP5,2040,88.26159108,62525.77479,365.2216967,1289
MEA-H,-345.62,SSP5,2050,100.184562,75970.96296,415.6626646,1666
MEA-H,-345.62,SSP5,2060,109.0288393,88672.75166,463.3146951,2021
MEA-H,-345.62,SSP5,2070,114.5469881,102871.8314,516.5839626,2367
MEA-H,-345.62,SSP5,2080,116.7344914,119000.8885,577.0937332,2695
MEA-H,-345.62,SSP5,2090,116.4492062,138908.1349,651.7777588,3036
MEA-H,-345.62,SSP5,2100,113.8009459,163563.0105,744.2729903,3388
MEA-M,-367.21,SSP5,2020,136.0417903,8383.997615,140.5134055,765
MEA-M,-367.21,SSP5,2030,163.0763567,12420.79087,155.657839,1015
MEA-M,-367.21,SSP5,2040,185.8166211,19645.38224,182.761616,1358
MEA-M,-367.21,SSP5,2050,202.4306192,28394.3837,215.5843699,1746
MEA-M,-367.21,SSP5,2060,212.0031627,38565.63606,253.7428402,2152
MEA-M,-367.21,SSP5,2070,215.4506666,50861.4141,299.8716812,2584
MEA-M,-367.21,SSP5,2080,212.9753809,65131.7408,353.4082388,3011
MEA-M,-367.21,SSP5,2090,204.6442994,82760.72495,419.5451357,3434
MEA-M,-367.21,SSP5,2100,191.5322102,104385.4605,500.6724937,3836
MEX,-358.88,SSP5,2020,104.396012,15709.02505,176.3239784,736
MEX,-358.88,SSP5,2030,114.1220378,22057.024,200.1391312,914
MEX,-358.88,SSP5,2040,118.8007008,32655.72261,239.9012089,1140
MEX,-358.88,SSP5,2050,118.8092226,46068.45097,290.2204007,1379
MEX,-358.88,SSP5,2060,115.1861593,62452.62444,351.6872658,1620
MEX,-358.88,SSP5,2070,109.92486,81493.0756,423.1194224,1860
MEX,-358.88,SSP5,2080,103.9301298,103045.9763,503.9772846,2095
MEX,-358.88,SSP5,2090,96.62672705,128725.8478,600.3178905,2320
MEX,-358.88,SSP5,2100,87.85010578,159822.4189,716.9797869,2519
NAF,-321.86,SSP5,2020,115.225967,8637.035923,186.812704,861
NAF,-321.86,SSP5,2030,136.7774085,14456.27952,208.6441783,1142
NAF,-321.86,SSP5,2040,153.8726178,23967.91326,244.3280234,1504
NAF,-321.86,SSP5,2050,165.4490305,35706.4436,288.3662938,1908
NAF,-321.86,SSP5,2060,170.7756471,49819.39088,341.3124268,2332
NAF,-321.86,SSP5,2070,170.9722759,66546.58519,404.066169,2763
NAF,-321.86,SSP5,2080,166.7618408,85078.13708,473.5891391,3159
NAF,-321.86,SSP5,2090,159.1773266,106553.6965,554.1568477,3528
NAF,-321.86,SSP5,2100,149.1370206,131949.7546,649.4326993,3874
OAS-CPA,-342.72,SSP5,2020,47.92358579,4868.676452,151.8153266,291
OAS-CPA,-342.72,SSP5,2030,62.04774013,9478.970347,169.1113052,420
OAS-CPA,-342.72,SSP5,2040,74.05915015,17250.91148,198.2685195,587
OAS-CPA,-342.72,SSP5,2050,82.32756071,27464.9329,236.5874423,779
OAS-CPA,-342.72,SSP5,2060,86.13131569,39697.68668,282.4798413,973
OAS-CPA,-342.72,SSP5,2070,86.20590107,54567.43701,338.2651967,1166
OAS-CPA,-342.72,SSP5,2080,83.15346303,71173.76959,400.565514,1332
OAS-CPA,-342.72,SSP5,2090,77.29349173,90772.09841,474.0906044,1466
OAS-CPA,-342.72,SSP5,2100,69.40199597,114973.1363,564.8832183,1568
OAS-L,-405.44,SSP5,2020,157.5390627,3174.667316,82.7400819,521
OAS-L,-405.44,SSP5,2030,204.6439431,5851.142307,92.78114548,759
OAS-L,-405.44,SSP5,2040,246.0647498,11244.56935,113.0151264,1112
OAS-L,-405.44,SSP5,2050,276.8401883,19449.58804,143.7970745,1592
OAS-L,-405.44,SSP5,2060,295.2616108,30561.03611,185.4827831,2191
OAS-L,-405.44,SSP5,2070,302.4959827,44411.27387,237.4433351,2873
OAS-L,-405.44,SSP5,2080,299.6702245,61077.26313,299.9674604,3596
OAS-L,-405.44,SSP5,2090,288.4029476,80951.00247,374.5257809,4321
OAS-L,-405.44,SSP5,2100,271.1256168,104518.0003,462.9397298,5021
OAS-M,-233.56,SSP5,2020,69.30380716,15240.84334,299.8875479,831
OAS-M,-233.56,SSP5,2030,84.01547926,24334.36229,334.0027936,1122
OAS-M,-233.56,SSP5,2040,96.20435326,37556.85284,383.6082891,1476
OAS-M,-233.56,SSP5,2050,104.5295471,52904.78159,441.1875786,1845
OAS-M,-233.56,SSP5,2060,108.8450993,70432.40345,506.9442048,2207
OAS-M,-233.56,SSP5,2070,109.3421542,89859.26818,579.8260305,2536
OAS-M,-233.56,SSP5,2080,106.2891663,110983.1602,659.0744238,2802
OAS-M,-233.56,SSP5,2090,100.1846166,135082.4729,749.4854055,3003
OAS-M,-233.56,SSP5,2100,91.49362702,163282.6814,855.2813077,3130
PAK,-399.52,SSP5,2020,103.7564875,2703.156394,86.89116153,361
PAK,-399.52,SSP5,2030,140.6071992,4414.79397,93.31254106,525
PAK,-399.52,SSP5,2040,175.9551104,8271.830113,107.7825979,759
PAK,-399.52,SSP5,2050,205.5422558,14637.6042,131.6644359,1083
PAK,-399.52,SSP5,2060,226.6113761,23843.24724,166.2003263,1507
PAK,-399.52,SSP5,2070,239.3933324,36199.76617,212.5570428,2035
PAK,-399.52,SSP5,2080,244.099542,51708.80664,270.740759,2644
PAK,-399.52,SSP5,2090,241.7386051,70719.27009,342.0604137,3308
PAK,-399.52,SSP5,2100,234.235247,93760.39861,428.5015114,4015
RUS,-292.05,SSP5,2020,114.0599056,20924.49445,262.7203334,1199
RUS,-292.05,SSP5,2030,119.018221,33715.40645,310.7067188,1479
RUS,-292.05,SSP5,2040,122.2353404,50505.00864,373.6945904,1827
RUS,-292.05,SSP5,2050,123.3613062,63794.70663,423.5522214,2090
RUS,-292.05,SSP5,2060,122.3319937,76570.72022,471.482714,2307
RUS,-292.05,SSP5,2070,118.9928912,91652.28363,528.0627073,2513
RUS,-292.05,SSP5,2080,112.8481258,106830.9802,585.0071054,2641
RUS,-292.05,SSP5,2090,104.7471918,125372.942,654.5691292,2743
RUS,-292.05,SSP5,2100,95.51502767,147753.5274,738.5321332,2822
SAF,-81.077,SSP5,2020,37.93521738,12999.0661,443.9602964,674
SAF,-81.077,SSP5,2030,44.88622676,19365.39692,467.8442231,840
SAF,-81.077,SSP5,2040,50.87226403,28718.34654,502.9327489,1023
SAF,-81.077,SSP5,2050,55.50811237,39485.65423,543.3273804,1206
SAF,-81.077,SSP5,2060,58.31396071,51436.23533,588.1611805,1372
SAF,-81.077,SSP5,2070,58.98394302,64452.87131,636.994392,1503
SAF,-81.077,SSP5,2080,57.5750547,78387.99407,689.2733985,1587
SAF,-81.077,SSP5,2090,54.58233833,93771.23475,746.9851643,1631
SAF,-81.077,SSP5,2100,50.53130659,111080.8293,811.9238392,1641
SSA-L,-282.8,SSP5,2020,420.5795666,1966.670949,200.8481627,3379
SSA-L,-282.8,SSP5,2030,596.5953496,3790.666849,207.6910658,4956
SSA-L,-282.8,SSP5,2040,786.4526703,7962.009963,223.3402766,7026
SSA-L,-282.8,SSP5,2050,967.2636348,15306.32394,250.8932049,9707
SSA-L,-282.8,SSP5,2060,1122.890006,26878.25226,294.3064512,13219
SSA-L,-282.8,SSP5,2070,1247.26388,43289.97733,355.876679,17755
SSA-L,-282.8,SSP5,2080,1334.12917,64698.55423,436.193096,23278
SSA-L,-282.8,SSP5,2090,1382.442536,91406.85022,536.3919393,29661
SSA-L,-282.8,SSP5,2100,1394.595554,123382.9803,656.3535888,36614
SSA-M,-222.28,SSP5,2020,21.82183784,9341.653433,289.036147,252
SSA-M,-222.28,SSP5,2030,28.77067508,12214.25376,299.8129944,345
SSA-M,-222.28,SSP5,2040,35.52695928,16487.63037,315.8449941,449
SSA-M,-222.28,SSP5,2050,41.46074833,23374.04145,341.6800539,567
SSA-M,-222.28,SSP5,2060,46.14533563,34081.80016,381.8512815,705
SSA-M,-222.28,SSP5,2070,49.34449715,48995.62585,437.8019899,864
SSA-M,-222.28,SSP5,2080,50.92324536,67921.5944,508.8046536,1036
SSA-M,-222.28,SSP5,2090,50.93845103,90853.30436,594.8352566,1212
SSA-M,-222.28,SSP5,2100,49.57053907,117943.5488,696.4670175,1381
TUR,-348.59,SSP5,2020,60.23397863,17585.82217,193.6549705,467
TUR,-348.59,SSP5,2030,67.47452512,25326.89096,222.6963641,601
TUR,-348.59,SSP5,2040,72.67787332,36095.94972,263.097565,765
TUR,-348.59,SSP5,2050,75.44987776,48347.64559,309.0610272,933
TUR,-348.59,SSP5,2060,75.89926261,62088.15969,360.6099399,1095
TUR,-348.59,SSP5,2070,74.52670539,77524.7938,418.5220164,1248
TUR,-348.59,SSP5,2080,71.54086815,94539.13927,482.3530349,1380
TUR,-348.59,SSP5,2090,67.34122592,114463.2236,557.1002295,1501
TUR,-348.59,SSP5,2100,62.1197513,138024.1879,645.4915432,1604
USA,-32.744,SSP5,2020,295.2502461,50776.54572,634.0192889,7488
USA,-32.744,SSP5,2030,339.8238591,62075.54054,676.4085979,9194
USA,-32.744,SSP5,2040,386.7382216,73811.95418,720.4389273,11145
USA,-32.744,SSP5,2050,436.8725623,84564.28682,760.7773784,13295
USA,-32.744,SSP5,2060,491.9313441,95799.86293,802.9287658,15799
USA,-32.744,SSP5,2070,548.4312231,109396.4641,853.9377746,18733
USA,-32.744,SSP5,2080,603.045088,125660.5393,914.9540791,22070
USA,-32.744,SSP5,2090,651.3724243,145198.8722,988.2540888,25749
USA,-32.744,SSP5,2100,690.7227476,168935.5227,1077.304507,29765
